"Tue, Nov 2, 1999","Box Score","Orlando Magic",86,"Charlotte Hornets",100,,
"Tue, Nov 2, 1999","Box Score","Golden State Warriors",96,"Dallas Mavericks",108,,
"Tue, Nov 2, 1999","Box Score","Phoenix Suns",102,"Denver Nuggets",107,OT,
"Tue, Nov 2, 1999","Box Score","Milwaukee Bucks",98,"Houston Rockets",93,,
"Tue, Nov 2, 1999","Box Score","Seattle SuperSonics",104,"Los Angeles Clippers",92,,
"Tue, Nov 2, 1999","Box Score","Detroit Pistons",122,"Miami Heat",128,2OT,
"Tue, Nov 2, 1999","Box Score","Indiana Pacers",119,"New Jersey Nets",112,,
"Tue, Nov 2, 1999","Box Score","Cleveland Cavaliers",84,"New York Knicks",92,,
"Tue, Nov 2, 1999","Box Score","Philadelphia 76ers",76,"San Antonio Spurs",89,,
"Tue, Nov 2, 1999","Box Score","Boston Celtics",103,"Toronto Raptors",90,,
"Tue, Nov 2, 1999","Box Score","Los Angeles Lakers",91,"Utah Jazz",84,,
"Tue, Nov 2, 1999","Box Score","Portland Trail Blazers",106,"Vancouver Grizzlies",86,,
"Tue, Nov 2, 1999","Box Score","Atlanta Hawks",87,"Washington Wizards",94,,
"Wed, Nov 3, 1999","Box Score","Washington Wizards",101,"Boston Celtics",112,,
"Wed, Nov 3, 1999","Box Score","New York Knicks",84,"Chicago Bulls",74,,
"Wed, Nov 3, 1999","Box Score","New Jersey Nets",90,"Cleveland Cavaliers",97,,
"Wed, Nov 3, 1999","Box Score","Vancouver Grizzlies",88,"Los Angeles Lakers",103,,
"Wed, Nov 3, 1999","Box Score","Detroit Pistons",94,"Orlando Magic",103,,
"Wed, Nov 3, 1999","Box Score","Los Angeles Clippers",98,"Portland Trail Blazers",121,,
"Thu, Nov 4, 1999","Box Score","Milwaukee Bucks",119,"Atlanta Hawks",109,,
"Thu, Nov 4, 1999","Box Score","Indiana Pacers",89,"Charlotte Hornets",98,,
"Thu, Nov 4, 1999","Box Score","Philadelphia 76ers",80,"Phoenix Suns",84,,
"Thu, Nov 4, 1999","Box Score","Golden State Warriors",81,"San Antonio Spurs",104,,
"Thu, Nov 4, 1999","Box Score","Dallas Mavericks",96,"Seattle SuperSonics",106,,
"Thu, Nov 4, 1999","Box Score","Miami Heat",86,"Toronto Raptors",97,,
"Thu, Nov 4, 1999","Box Score","Houston Rockets",82,"Utah Jazz",98,,
"Fri, Nov 5, 1999","Box Score","Charlotte Hornets",100,"Boston Celtics",103,,
"Fri, Nov 5, 1999","Box Score","Miami Heat",105,"Chicago Bulls",87,,
"Fri, Nov 5, 1999","Box Score","New York Knicks",103,"Detroit Pistons",91,,
"Fri, Nov 5, 1999","Box Score","San Antonio Spurs",95,"Houston Rockets",85,,
"Fri, Nov 5, 1999","Box Score","Philadelphia 76ers",81,"Los Angeles Clippers",91,,
"Fri, Nov 5, 1999","Box Score","Toronto Raptors",112,"New Jersey Nets",92,,
"Fri, Nov 5, 1999","Box Score","Cleveland Cavaliers",104,"Orlando Magic",99,,
"Fri, Nov 5, 1999","Box Score","Denver Nuggets",83,"Portland Trail Blazers",95,,
"Fri, Nov 5, 1999","Box Score","Minnesota Timberwolves",95,"Sacramento Kings",100,,"at Tokyo, Japan"
"Sat, Nov 6, 1999","Box Score","Chicago Bulls",97,"Atlanta Hawks",113,,
"Sat, Nov 6, 1999","Box Score","New York Knicks",93,"Cleveland Cavaliers",102,,
"Sat, Nov 6, 1999","Box Score","Dallas Mavericks",120,"Golden State Warriors",97,,
"Sat, Nov 6, 1999","Box Score","Boston Celtics",108,"Indiana Pacers",115,,
"Sat, Nov 6, 1999","Box Score","Detroit Pistons",111,"Milwaukee Bucks",121,,
"Sat, Nov 6, 1999","Box Score","Sacramento Kings",101,"Minnesota Timberwolves",114,,"at Tokyo, Japan"
"Sat, Nov 6, 1999","Box Score","Los Angeles Lakers",82,"Portland Trail Blazers",97,,
"Sat, Nov 6, 1999","Box Score","Utah Jazz",94,"Seattle SuperSonics",99,,
"Sat, Nov 6, 1999","Box Score","Denver Nuggets",94,"Vancouver Grizzlies",109,,
"Sat, Nov 6, 1999","Box Score","Orlando Magic",107,"Washington Wizards",104,,
"Sun, Nov 7, 1999","Box Score","Dallas Mavericks",97,"Los Angeles Lakers",105,,
"Sun, Nov 7, 1999","Box Score","Washington Wizards",87,"New Jersey Nets",112,,
"Sun, Nov 7, 1999","Box Score","San Antonio Spurs",74,"Phoenix Suns",77,,
"Sun, Nov 7, 1999","Box Score","Charlotte Hornets",99,"Toronto Raptors",109,,
"Mon, Nov 8, 1999","Box Score","Atlanta Hawks",100,"Denver Nuggets",115,,
"Mon, Nov 8, 1999","Box Score","Orlando Magic",102,"Houston Rockets",97,,
"Mon, Nov 8, 1999","Box Score","Utah Jazz",94,"Los Angeles Clippers",79,,
"Mon, Nov 8, 1999","Box Score","Milwaukee Bucks",101,"New York Knicks",111,OT,
"Mon, Nov 8, 1999","Box Score","Seattle SuperSonics",98,"Philadelphia 76ers",117,,
"Tue, Nov 9, 1999","Box Score","Phoenix Suns",103,"Chicago Bulls",80,,
"Tue, Nov 9, 1999","Box Score","Los Angeles Lakers",123,"Dallas Mavericks",101,,
"Tue, Nov 9, 1999","Box Score","San Antonio Spurs",118,"Golden State Warriors",89,,
"Tue, Nov 9, 1999","Box Score","Indiana Pacers",101,"Miami Heat",113,,
"Tue, Nov 9, 1999","Box Score","Portland Trail Blazers",87,"Utah Jazz",92,,
"Wed, Nov 10, 1999","Box Score","Detroit Pistons",110,"Boston Celtics",92,,
"Wed, Nov 10, 1999","Box Score","Milwaukee Bucks",111,"Charlotte Hornets",117,,
"Wed, Nov 10, 1999","Box Score","Los Angeles Lakers",89,"Houston Rockets",88,,
"Wed, Nov 10, 1999","Box Score","San Antonio Spurs",99,"Los Angeles Clippers",94,,
"Wed, Nov 10, 1999","Box Score","Phoenix Suns",104,"New Jersey Nets",89,,
"Wed, Nov 10, 1999","Box Score","Philadelphia 76ers",105,"Orlando Magic",110,,
"Wed, Nov 10, 1999","Box Score","Atlanta Hawks",97,"Vancouver Grizzlies",102,OT,
"Wed, Nov 10, 1999","Box Score","Seattle SuperSonics",109,"Washington Wizards",95,,
"Thu, Nov 11, 1999","Box Score","Seattle SuperSonics",109,"Cleveland Cavaliers",103,,
"Thu, Nov 11, 1999","Box Score","Toronto Raptors",123,"Detroit Pistons",106,,
"Thu, Nov 11, 1999","Box Score","Orlando Magic",101,"Indiana Pacers",116,,
"Thu, Nov 11, 1999","Box Score","Dallas Mavericks",105,"Miami Heat",128,,
"Thu, Nov 11, 1999","Box Score","New York Knicks",90,"Minnesota Timberwolves",93,,
"Fri, Nov 12, 1999","Box Score","New York Knicks",74,"Boston Celtics",80,,
"Fri, Nov 12, 1999","Box Score","New Jersey Nets",92,"Charlotte Hornets",96,,
"Fri, Nov 12, 1999","Box Score","Portland Trail Blazers",93,"Denver Nuggets",78,,
"Fri, Nov 12, 1999","Box Score","Houston Rockets",97,"Los Angeles Lakers",81,,
"Fri, Nov 12, 1999","Box Score","Phoenix Suns",92,"Milwaukee Bucks",107,,
"Fri, Nov 12, 1999","Box Score","Chicago Bulls",86,"Philadelphia 76ers",92,,
"Fri, Nov 12, 1999","Box Score","Utah Jazz",92,"Sacramento Kings",105,,
"Fri, Nov 12, 1999","Box Score","Golden State Warriors",103,"Vancouver Grizzlies",93,,
"Fri, Nov 12, 1999","Box Score","Miami Heat",104,"Washington Wizards",95,,
"Sat, Nov 13, 1999","Box Score","Boston Celtics",91,"Chicago Bulls",92,,
"Sat, Nov 13, 1999","Box Score","Milwaukee Bucks",112,"Cleveland Cavaliers",117,,
"Sat, Nov 13, 1999","Box Score","Orlando Magic",117,"Dallas Mavericks",125,,
"Sat, Nov 13, 1999","Box Score","Seattle SuperSonics",99,"Detroit Pistons",107,,
"Sat, Nov 13, 1999","Box Score","Houston Rockets",103,"Golden State Warriors",95,,
"Sat, Nov 13, 1999","Box Score","Washington Wizards",83,"Indiana Pacers",105,,
"Sat, Nov 13, 1999","Box Score","Phoenix Suns",100,"Minnesota Timberwolves",111,,
"Sat, Nov 13, 1999","Box Score","Atlanta Hawks",95,"Portland Trail Blazers",131,,
"Sat, Nov 13, 1999","Box Score","Charlotte Hornets",79,"San Antonio Spurs",95,,
"Sun, Nov 14, 1999","Box Score","Atlanta Hawks",88,"Los Angeles Lakers",93,,
"Sun, Nov 14, 1999","Box Score","Miami Heat",94,"New York Knicks",88,,
"Sun, Nov 14, 1999","Box Score","Denver Nuggets",116,"Sacramento Kings",126,,
"Sun, Nov 14, 1999","Box Score","Philadelphia 76ers",93,"Toronto Raptors",90,,
"Sun, Nov 14, 1999","Box Score","Los Angeles Clippers",89,"Vancouver Grizzlies",109,,
"Mon, Nov 15, 1999","Box Score","Indiana Pacers",96,"Houston Rockets",87,,
"Mon, Nov 15, 1999","Box Score","Seattle SuperSonics",100,"New Jersey Nets",92,,
"Mon, Nov 15, 1999","Box Score","Los Angeles Lakers",91,"Phoenix Suns",82,,
"Mon, Nov 15, 1999","Box Score","San Antonio Spurs",85,"Utah Jazz",91,,
"Tue, Nov 16, 1999","Box Score","Charlotte Hornets",98,"Atlanta Hawks",103,,
"Tue, Nov 16, 1999","Box Score","Houston Rockets",95,"Dallas Mavericks",114,,
"Tue, Nov 16, 1999","Box Score","New York Knicks",102,"Denver Nuggets",95,,
"Tue, Nov 16, 1999","Box Score","Chicago Bulls",79,"Golden State Warriors",99,,
"Tue, Nov 16, 1999","Box Score","Portland Trail Blazers",101,"Miami Heat",96,,
"Tue, Nov 16, 1999","Box Score","Los Angeles Clippers",93,"Milwaukee Bucks",101,,
"Tue, Nov 16, 1999","Box Score","Vancouver Grizzlies",77,"Sacramento Kings",81,,
"Tue, Nov 16, 1999","Box Score","Indiana Pacers",87,"San Antonio Spurs",90,OT,
"Tue, Nov 16, 1999","Box Score","Detroit Pistons",85,"Toronto Raptors",89,,
"Tue, Nov 16, 1999","Box Score","Philadelphia 76ers",95,"Washington Wizards",73,,
"Wed, Nov 17, 1999","Box Score","Cleveland Cavaliers",103,"Boston Celtics",114,,
"Wed, Nov 17, 1999","Box Score","Dallas Mavericks",99,"Charlotte Hornets",104,,
"Wed, Nov 17, 1999","Box Score","New Jersey Nets",107,"Detroit Pistons",109,,
"Wed, Nov 17, 1999","Box Score","Los Angeles Clippers",89,"Minnesota Timberwolves",85,,
"Wed, Nov 17, 1999","Box Score","Portland Trail Blazers",81,"Orlando Magic",79,,
"Wed, Nov 17, 1999","Box Score","Miami Heat",98,"Philadelphia 76ers",93,,
"Wed, Nov 17, 1999","Box Score","Chicago Bulls",81,"Phoenix Suns",105,,
"Wed, Nov 17, 1999","Box Score","Golden State Warriors",108,"Seattle SuperSonics",111,,
"Wed, Nov 17, 1999","Box Score","New York Knicks",90,"Utah Jazz",98,,
"Thu, Nov 18, 1999","Box Score","Los Angeles Lakers",82,"Denver Nuggets",93,,
"Thu, Nov 18, 1999","Box Score","Sacramento Kings",128,"Houston Rockets",110,,
"Thu, Nov 18, 1999","Box Score","San Antonio Spurs",88,"Milwaukee Bucks",99,,
"Thu, Nov 18, 1999","Box Score","Seattle SuperSonics",110,"Vancouver Grizzlies",108,,
"Thu, Nov 18, 1999","Box Score","Toronto Raptors",81,"Washington Wizards",92,,
"Fri, Nov 19, 1999","Box Score","New Jersey Nets",96,"Boston Celtics",109,,
"Fri, Nov 19, 1999","Box Score","Sacramento Kings",103,"Dallas Mavericks",94,,
"Fri, Nov 19, 1999","Box Score","Cleveland Cavaliers",90,"Detroit Pistons",101,,
"Fri, Nov 19, 1999","Box Score","Atlanta Hawks",105,"Indiana Pacers",99,,
"Fri, Nov 19, 1999","Box Score","Chicago Bulls",95,"Los Angeles Lakers",103,,
"Fri, Nov 19, 1999","Box Score","Utah Jazz",84,"Minnesota Timberwolves",89,,
"Fri, Nov 19, 1999","Box Score","Charlotte Hornets",103,"Orlando Magic",92,,
"Fri, Nov 19, 1999","Box Score","Portland Trail Blazers",97,"Philadelphia 76ers",91,,
"Fri, Nov 19, 1999","Box Score","New York Knicks",81,"Phoenix Suns",96,,
"Fri, Nov 19, 1999","Box Score","Los Angeles Clippers",100,"Toronto Raptors",106,,
"Sat, Nov 20, 1999","Box Score","Orlando Magic",107,"Atlanta Hawks",103,,
"Sat, Nov 20, 1999","Box Score","Portland Trail Blazers",100,"Charlotte Hornets",96,OT,
"Sat, Nov 20, 1999","Box Score","Indiana Pacers",107,"Cleveland Cavaliers",98,,
"Sat, Nov 20, 1999","Box Score","Chicago Bulls",86,"Denver Nuggets",95,,
"Sat, Nov 20, 1999","Box Score","New York Knicks",86,"Golden State Warriors",79,,
"Sat, Nov 20, 1999","Box Score","Boston Celtics",92,"Miami Heat",110,,
"Sat, Nov 20, 1999","Box Score","Utah Jazz",111,"Milwaukee Bucks",100,,
"Sat, Nov 20, 1999","Box Score","Philadelphia 76ers",100,"New Jersey Nets",96,,
"Sat, Nov 20, 1999","Box Score","Dallas Mavericks",90,"San Antonio Spurs",106,,
"Sat, Nov 20, 1999","Box Score","Houston Rockets",107,"Seattle SuperSonics",110,,
"Sat, Nov 20, 1999","Box Score","Los Angeles Clippers",98,"Washington Wizards",89,,
"Sun, Nov 21, 1999","Box Score","Milwaukee Bucks",94,"Detroit Pistons",113,,
"Sun, Nov 21, 1999","Box Score","Toronto Raptors",111,"Los Angeles Lakers",102,,
"Sun, Nov 21, 1999","Box Score","Seattle SuperSonics",86,"Phoenix Suns",99,,
"Sun, Nov 21, 1999","Box Score","Houston Rockets",105,"Sacramento Kings",110,,
"Sun, Nov 21, 1999","Box Score","Minnesota Timberwolves",105,"Vancouver Grizzlies",81,,
"Mon, Nov 22, 1999","Box Score","Indiana Pacers",85,"Boston Celtics",95,,
"Mon, Nov 22, 1999","Box Score","San Antonio Spurs",94,"Philadelphia 76ers",91,,
"Mon, Nov 22, 1999","Box Score","Minnesota Timberwolves",93,"Utah Jazz",108,,
"Tue, Nov 23, 1999","Box Score","Miami Heat",106,"Atlanta Hawks",113,,
"Tue, Nov 23, 1999","Box Score","Portland Trail Blazers",100,"Cleveland Cavaliers",103,,
"Tue, Nov 23, 1999","Box Score","Dallas Mavericks",99,"Houston Rockets",119,,
"Tue, Nov 23, 1999","Box Score","New York Knicks",95,"Los Angeles Clippers",100,,
"Tue, Nov 23, 1999","Box Score","Toronto Raptors",93,"Phoenix Suns",94,,
"Tue, Nov 23, 1999","Box Score","New Jersey Nets",92,"Sacramento Kings",105,,
"Tue, Nov 23, 1999","Box Score","Vancouver Grizzlies",87,"Washington Wizards",89,,
"Wed, Nov 24, 1999","Box Score","San Antonio Spurs",121,"Boston Celtics",98,,
"Wed, Nov 24, 1999","Box Score","Vancouver Grizzlies",73,"Charlotte Hornets",89,,
"Wed, Nov 24, 1999","Box Score","Toronto Raptors",84,"Denver Nuggets",109,,
"Wed, Nov 24, 1999","Box Score","New Jersey Nets",92,"Golden State Warriors",84,,
"Wed, Nov 24, 1999","Box Score","Utah Jazz",82,"Los Angeles Lakers",90,,
"Wed, Nov 24, 1999","Box Score","Atlanta Hawks",91,"Miami Heat",93,,
"Wed, Nov 24, 1999","Box Score","Chicago Bulls",95,"Milwaukee Bucks",102,,
"Wed, Nov 24, 1999","Box Score","Portland Trail Blazers",88,"Minnesota Timberwolves",81,,
"Wed, Nov 24, 1999","Box Score","Dallas Mavericks",100,"Orlando Magic",112,,
"Wed, Nov 24, 1999","Box Score","Washington Wizards",101,"Philadelphia 76ers",93,,
"Thu, Nov 25, 1999","Box Score","Detroit Pistons",107,"Indiana Pacers",99,,
"Fri, Nov 26, 1999","Box Score","Milwaukee Bucks",114,"Boston Celtics",112,,
"Fri, Nov 26, 1999","Box Score","Washington Wizards",85,"Charlotte Hornets",118,,
"Fri, Nov 26, 1999","Box Score","Minnesota Timberwolves",105,"Denver Nuggets",114,,
"Fri, Nov 26, 1999","Box Score","Atlanta Hawks",91,"Detroit Pistons",93,,
"Fri, Nov 26, 1999","Box Score","Vancouver Grizzlies",86,"Indiana Pacers",105,,
"Fri, Nov 26, 1999","Box Score","New Jersey Nets",80,"Los Angeles Lakers",103,,
"Fri, Nov 26, 1999","Box Score","Cleveland Cavaliers",83,"Philadelphia 76ers",106,,
"Fri, Nov 26, 1999","Box Score","Houston Rockets",88,"Portland Trail Blazers",91,OT,
"Fri, Nov 26, 1999","Box Score","Golden State Warriors",95,"Sacramento Kings",124,,
"Fri, Nov 26, 1999","Box Score","Chicago Bulls",78,"San Antonio Spurs",101,,
"Fri, Nov 26, 1999","Box Score","Los Angeles Clippers",93,"Seattle SuperSonics",98,,
"Fri, Nov 26, 1999","Box Score","Toronto Raptors",100,"Utah Jazz",87,,
"Sat, Nov 27, 1999","Box Score","Boston Celtics",84,"Atlanta Hawks",94,,
"Sat, Nov 27, 1999","Box Score","Charlotte Hornets",89,"Cleveland Cavaliers",106,,
"Sat, Nov 27, 1999","Box Score","Chicago Bulls",83,"Dallas Mavericks",95,,
"Sat, Nov 27, 1999","Box Score","Toronto Raptors",106,"Golden State Warriors",88,,
"Sat, Nov 27, 1999","Box Score","Portland Trail Blazers",88,"Los Angeles Clippers",71,,
"Sat, Nov 27, 1999","Box Score","Washington Wizards",86,"Miami Heat",89,,
"Sat, Nov 27, 1999","Box Score","Philadelphia 76ers",82,"Milwaukee Bucks",79,,
"Sat, Nov 27, 1999","Box Score","Vancouver Grizzlies",82,"Minnesota Timberwolves",113,,
"Sat, Nov 27, 1999","Box Score","Orlando Magic",96,"New York Knicks",99,,
"Sat, Nov 27, 1999","Box Score","New Jersey Nets",90,"Phoenix Suns",129,,
"Sat, Nov 27, 1999","Box Score","Denver Nuggets",87,"San Antonio Spurs",106,,
"Sun, Nov 28, 1999","Box Score","Orlando Magic",108,"Detroit Pistons",99,,
"Sun, Nov 28, 1999","Box Score","Indiana Pacers",91,"Seattle SuperSonics",102,,
"Mon, Nov 29, 1999","Box Score","Sacramento Kings",88,"Miami Heat",98,,
"Mon, Nov 29, 1999","Box Score","Dallas Mavericks",82,"New York Knicks",107,,
"Mon, Nov 29, 1999","Box Score","Indiana Pacers",93,"Portland Trail Blazers",91,,
"Mon, Nov 29, 1999","Box Score","Golden State Warriors",99,"Utah Jazz",115,,
"Mon, Nov 29, 1999","Box Score","Houston Rockets",118,"Vancouver Grizzlies",110,OT,
"Tue, Nov 30, 1999","Box Score","Dallas Mavericks",99,"Cleveland Cavaliers",106,,
"Tue, Nov 30, 1999","Box Score","Phoenix Suns",94,"Los Angeles Clippers",80,,
"Tue, Nov 30, 1999","Box Score","Denver Nuggets",92,"Minnesota Timberwolves",109,,
"Tue, Nov 30, 1999","Box Score","Washington Wizards",85,"New Jersey Nets",78,,
"Tue, Nov 30, 1999","Box Score","Sacramento Kings",111,"Orlando Magic",102,,
"Tue, Nov 30, 1999","Box Score","New York Knicks",70,"Philadelphia 76ers",74,,
"Tue, Nov 30, 1999","Box Score","Detroit Pistons",87,"San Antonio Spurs",106,,
"Tue, Nov 30, 1999","Box Score","Los Angeles Lakers",101,"Seattle SuperSonics",77,,
"Tue, Nov 30, 1999","Box Score","Atlanta Hawks",107,"Toronto Raptors",89,,
"Wed, Dec 1, 1999","Box Score","Detroit Pistons",96,"Denver Nuggets",100,,
"Wed, Dec 1, 1999","Box Score","Golden State Warriors",75,"Los Angeles Lakers",93,,
"Wed, Dec 1, 1999","Box Score","Philadelphia 76ers",83,"Miami Heat",90,,
"Wed, Dec 1, 1999","Box Score","Houston Rockets",122,"Phoenix Suns",128,2OT,
"Wed, Dec 1, 1999","Box Score","Charlotte Hornets",90,"Portland Trail Blazers",94,,
"Wed, Dec 1, 1999","Box Score","Indiana Pacers",96,"Vancouver Grizzlies",89,,
"Wed, Dec 1, 1999","Box Score","Cleveland Cavaliers",111,"Washington Wizards",108,,
"Thu, Dec 2, 1999","Box Score","Sacramento Kings",100,"Atlanta Hawks",110,,
"Thu, Dec 2, 1999","Box Score","Dallas Mavericks",101,"Chicago Bulls",95,,
"Thu, Dec 2, 1999","Box Score","Seattle SuperSonics",117,"Golden State Warriors",108,,
"Thu, Dec 2, 1999","Box Score","Houston Rockets",109,"Los Angeles Clippers",96,,
"Thu, Dec 2, 1999","Box Score","New York Knicks",84,"Milwaukee Bucks",80,,
"Thu, Dec 2, 1999","Box Score","Orlando Magic",103,"Minnesota Timberwolves",93,,
"Thu, Dec 2, 1999","Box Score","San Antonio Spurs",96,"New Jersey Nets",94,,
"Fri, Dec 3, 1999","Box Score","Miami Heat",84,"Boston Celtics",96,,
"Fri, Dec 3, 1999","Box Score","Philadelphia 76ers",102,"Cleveland Cavaliers",100,OT,
"Fri, Dec 3, 1999","Box Score","Orlando Magic",112,"Denver Nuggets",100,,
"Fri, Dec 3, 1999","Box Score","San Antonio Spurs",80,"Detroit Pistons",102,,
"Fri, Dec 3, 1999","Box Score","Portland Trail Blazers",80,"Los Angeles Lakers",93,,
"Fri, Dec 3, 1999","Box Score","Washington Wizards",93,"Toronto Raptors",95,,
"Fri, Dec 3, 1999","Box Score","Indiana Pacers",100,"Utah Jazz",75,,
"Fri, Dec 3, 1999","Box Score","Charlotte Hornets",113,"Vancouver Grizzlies",94,,
"Sat, Dec 4, 1999","Box Score","Detroit Pistons",110,"Atlanta Hawks",112,,
"Sat, Dec 4, 1999","Box Score","Milwaukee Bucks",92,"Chicago Bulls",91,,
"Sat, Dec 4, 1999","Box Score","Utah Jazz",94,"Golden State Warriors",82,,
"Sat, Dec 4, 1999","Box Score","Phoenix Suns",95,"Houston Rockets",105,,
"Sat, Dec 4, 1999","Box Score","Seattle SuperSonics",102,"Los Angeles Clippers",89,,
"Sat, Dec 4, 1999","Box Score","Dallas Mavericks",103,"Minnesota Timberwolves",84,,
"Sat, Dec 4, 1999","Box Score","New York Knicks",92,"New Jersey Nets",82,,
"Sat, Dec 4, 1999","Box Score","Boston Celtics",74,"Philadelphia 76ers",77,,
"Sat, Dec 4, 1999","Box Score","Sacramento Kings",114,"Washington Wizards",104,,
"Sun, Dec 5, 1999","Box Score","Orlando Magic",100,"Los Angeles Lakers",117,,
"Sun, Dec 5, 1999","Box Score","Dallas Mavericks",97,"Milwaukee Bucks",103,,
"Sun, Dec 5, 1999","Box Score","Denver Nuggets",80,"New York Knicks",78,,
"Sun, Dec 5, 1999","Box Score","Portland Trail Blazers",92,"Phoenix Suns",90,,
"Sun, Dec 5, 1999","Box Score","Charlotte Hornets",103,"Seattle SuperSonics",81,,
"Sun, Dec 5, 1999","Box Score","San Antonio Spurs",92,"Toronto Raptors",98,,
"Mon, Dec 6, 1999","Box Score","Vancouver Grizzlies",99,"Houston Rockets",102,,
"Mon, Dec 6, 1999","Box Score","Miami Heat",99,"Los Angeles Clippers",91,,
"Mon, Dec 6, 1999","Box Score","Sacramento Kings",95,"New Jersey Nets",109,,
"Mon, Dec 6, 1999","Box Score","Denver Nuggets",94,"Philadelphia 76ers",77,,
"Mon, Dec 6, 1999","Box Score","Washington Wizards",96,"Utah Jazz",102,,
"Tue, Dec 7, 1999","Box Score","Vancouver Grizzlies",104,"Dallas Mavericks",95,,
"Tue, Dec 7, 1999","Box Score","San Antonio Spurs",77,"Indiana Pacers",83,,
"Tue, Dec 7, 1999","Box Score","Washington Wizards",80,"Los Angeles Lakers",91,,
"Tue, Dec 7, 1999","Box Score","Detroit Pistons",116,"Milwaukee Bucks",112,,
"Tue, Dec 7, 1999","Box Score","Golden State Warriors",83,"New York Knicks",89,,
"Tue, Dec 7, 1999","Box Score","Orlando Magic",107,"Phoenix Suns",110,,
"Tue, Dec 7, 1999","Box Score","Miami Heat",86,"Portland Trail Blazers",76,,
"Tue, Dec 7, 1999","Box Score","Cleveland Cavaliers",98,"Toronto Raptors",101,,
"Wed, Dec 8, 1999","Box Score","Los Angeles Clippers",81,"Atlanta Hawks",99,,
"Wed, Dec 8, 1999","Box Score","Denver Nuggets",90,"Boston Celtics",115,,
"Wed, Dec 8, 1999","Box Score","Golden State Warriors",106,"Charlotte Hornets",113,,
"Wed, Dec 8, 1999","Box Score","Chicago Bulls",93,"Cleveland Cavaliers",107,,
"Wed, Dec 8, 1999","Box Score","Milwaukee Bucks",90,"New Jersey Nets",107,,
"Wed, Dec 8, 1999","Box Score","Houston Rockets",73,"Philadelphia 76ers",83,,
"Wed, Dec 8, 1999","Box Score","Los Angeles Lakers",91,"Sacramento Kings",103,,
"Wed, Dec 8, 1999","Box Score","Minnesota Timberwolves",94,"Seattle SuperSonics",110,,
"Wed, Dec 8, 1999","Box Score","Dallas Mavericks",79,"Utah Jazz",85,,
"Thu, Dec 9, 1999","Box Score","Washington Wizards",85,"Phoenix Suns",99,,
"Thu, Dec 9, 1999","Box Score","Minnesota Timberwolves",86,"Portland Trail Blazers",90,,
"Thu, Dec 9, 1999","Box Score","Vancouver Grizzlies",91,"San Antonio Spurs",99,,
"Fri, Dec 10, 1999","Box Score","Golden State Warriors",107,"Atlanta Hawks",99,,
"Fri, Dec 10, 1999","Box Score","Houston Rockets",96,"Boston Celtics",100,,
"Fri, Dec 10, 1999","Box Score","Denver Nuggets",99,"Charlotte Hornets",106,,
"Fri, Dec 10, 1999","Box Score","New Jersey Nets",69,"Chicago Bulls",71,,
"Fri, Dec 10, 1999","Box Score","Los Angeles Clippers",83,"Detroit Pistons",107,,
"Fri, Dec 10, 1999","Box Score","Cleveland Cavaliers",88,"Indiana Pacers",136,,
"Fri, Dec 10, 1999","Box Score","Philadelphia 76ers",78,"New York Knicks",85,,
"Fri, Dec 10, 1999","Box Score","Miami Heat",107,"Sacramento Kings",97,,
"Fri, Dec 10, 1999","Box Score","Milwaukee Bucks",107,"Toronto Raptors",91,,
"Fri, Dec 10, 1999","Box Score","Seattle SuperSonics",83,"Utah Jazz",101,,
"Sat, Dec 11, 1999","Box Score","Atlanta Hawks",116,"Cleveland Cavaliers",127,,
"Sat, Dec 11, 1999","Box Score","Phoenix Suns",115,"Dallas Mavericks",120,,
"Sat, Dec 11, 1999","Box Score","Los Angeles Clippers",90,"Indiana Pacers",108,,
"Sat, Dec 11, 1999","Box Score","Denver Nuggets",101,"Milwaukee Bucks",99,,
"Sat, Dec 11, 1999","Box Score","Golden State Warriors",104,"Minnesota Timberwolves",76,,
"Sat, Dec 11, 1999","Box Score","Houston Rockets",94,"New Jersey Nets",106,,
"Sat, Dec 11, 1999","Box Score","Chicago Bulls",87,"Orlando Magic",108,,
"Sat, Dec 11, 1999","Box Score","Charlotte Hornets",106,"Philadelphia 76ers",84,,
"Sat, Dec 11, 1999","Box Score","Portland Trail Blazers",101,"Sacramento Kings",96,,
"Sat, Dec 11, 1999","Box Score","Washington Wizards",99,"San Antonio Spurs",89,,
"Sat, Dec 11, 1999","Box Score","Miami Heat",88,"Seattle SuperSonics",92,,
"Sat, Dec 11, 1999","Box Score","Los Angeles Lakers",106,"Vancouver Grizzlies",94,,
"Sun, Dec 12, 1999","Box Score","Detroit Pistons",93,"Los Angeles Lakers",101,,
"Sun, Dec 12, 1999","Box Score","Boston Celtics",97,"New York Knicks",99,,
"Sun, Dec 12, 1999","Box Score","Utah Jazz",103,"Toronto Raptors",88,,
"Mon, Dec 13, 1999","Box Score","Vancouver Grizzlies",90,"Los Angeles Clippers",102,,
"Tue, Dec 14, 1999","Box Score","Minnesota Timberwolves",94,"Atlanta Hawks",105,,
"Tue, Dec 14, 1999","Box Score","Boston Celtics",88,"Cleveland Cavaliers",115,,
"Tue, Dec 14, 1999","Box Score","San Antonio Spurs",111,"Dallas Mavericks",93,,
"Tue, Dec 14, 1999","Box Score","Miami Heat",97,"Golden State Warriors",102,,
"Tue, Dec 14, 1999","Box Score","New York Knicks",101,"Houston Rockets",90,,
"Tue, Dec 14, 1999","Box Score","Los Angeles Clippers",68,"Los Angeles Lakers",95,,
"Tue, Dec 14, 1999","Box Score","Detroit Pistons",104,"Phoenix Suns",114,,
"Tue, Dec 14, 1999","Box Score","Denver Nuggets",84,"Seattle SuperSonics",109,,
"Tue, Dec 14, 1999","Box Score","Indiana Pacers",97,"Toronto Raptors",105,,
"Tue, Dec 14, 1999","Box Score","Utah Jazz",101,"Washington Wizards",80,,
"Wed, Dec 15, 1999","Box Score","Utah Jazz",96,"Boston Celtics",86,,
"Wed, Dec 15, 1999","Box Score","Minnesota Timberwolves",98,"Charlotte Hornets",103,,
"Wed, Dec 15, 1999","Box Score","Chicago Bulls",91,"Indiana Pacers",102,,
"Wed, Dec 15, 1999","Box Score","Cleveland Cavaliers",101,"New Jersey Nets",111,,
"Wed, Dec 15, 1999","Box Score","Milwaukee Bucks",116,"Orlando Magic",99,,
"Wed, Dec 15, 1999","Box Score","Toronto Raptors",91,"Philadelphia 76ers",93,,
"Wed, Dec 15, 1999","Box Score","Houston Rockets",77,"San Antonio Spurs",83,,
"Wed, Dec 15, 1999","Box Score","Sacramento Kings",109,"Vancouver Grizzlies",106,,
"Thu, Dec 16, 1999","Box Score","Los Angeles Lakers",95,"Atlanta Hawks",88,,
"Thu, Dec 16, 1999","Box Score","New York Knicks",100,"Dallas Mavericks",93,,
"Thu, Dec 16, 1999","Box Score","Sacramento Kings",106,"Denver Nuggets",116,,
"Thu, Dec 16, 1999","Box Score","Detroit Pistons",116,"Golden State Warriors",108,,
"Thu, Dec 16, 1999","Box Score","Milwaukee Bucks",96,"Miami Heat",95,,
"Thu, Dec 16, 1999","Box Score","Portland Trail Blazers",107,"Seattle SuperSonics",81,,
"Thu, Dec 16, 1999","Box Score","New Jersey Nets",104,"Washington Wizards",108,,
"Fri, Dec 17, 1999","Box Score","Cleveland Cavaliers",86,"Charlotte Hornets",99,,
"Fri, Dec 17, 1999","Box Score","Utah Jazz",74,"Indiana Pacers",89,,
"Fri, Dec 17, 1999","Box Score","Golden State Warriors",91,"Los Angeles Clippers",92,,
"Fri, Dec 17, 1999","Box Score","Los Angeles Lakers",97,"Minnesota Timberwolves",88,,
"Fri, Dec 17, 1999","Box Score","Toronto Raptors",98,"Orlando Magic",112,,
"Fri, Dec 17, 1999","Box Score","Chicago Bulls",74,"Philadelphia 76ers",77,,
"Fri, Dec 17, 1999","Box Score","Phoenix Suns",110,"Portland Trail Blazers",102,,
"Fri, Dec 17, 1999","Box Score","Boston Celtics",94,"San Antonio Spurs",103,,
"Sat, Dec 18, 1999","Box Score","Utah Jazz",106,"Atlanta Hawks",96,,
"Sat, Dec 18, 1999","Box Score","Orlando Magic",83,"Chicago Bulls",74,,
"Sat, Dec 18, 1999","Box Score","New Jersey Nets",98,"Cleveland Cavaliers",74,,
"Sat, Dec 18, 1999","Box Score","Minnesota Timberwolves",108,"Dallas Mavericks",104,,
"Sat, Dec 18, 1999","Box Score","San Antonio Spurs",84,"Denver Nuggets",86,,
"Sat, Dec 18, 1999","Box Score","Philadelphia 76ers",91,"Detroit Pistons",104,,
"Sat, Dec 18, 1999","Box Score","Boston Celtics",94,"Houston Rockets",100,,
"Sat, Dec 18, 1999","Box Score","Charlotte Hornets",106,"Miami Heat",89,,
"Sat, Dec 18, 1999","Box Score","Indiana Pacers",95,"Milwaukee Bucks",109,,
"Sat, Dec 18, 1999","Box Score","Washington Wizards",95,"New York Knicks",83,,
"Sat, Dec 18, 1999","Box Score","Sacramento Kings",103,"Phoenix Suns",119,,
"Sat, Dec 18, 1999","Box Score","Vancouver Grizzlies",89,"Seattle SuperSonics",112,,
"Sun, Dec 19, 1999","Box Score","Atlanta Hawks",88,"New Jersey Nets",96,,
"Sun, Dec 19, 1999","Box Score","Los Angeles Lakers",94,"Toronto Raptors",88,,
"Sun, Dec 19, 1999","Box Score","Los Angeles Clippers",84,"Vancouver Grizzlies",85,,
"Mon, Dec 20, 1999","Box Score","Los Angeles Lakers",99,"Boston Celtics",90,,
"Mon, Dec 20, 1999","Box Score","Seattle SuperSonics",93,"Chicago Bulls",84,,
"Mon, Dec 20, 1999","Box Score","Minnesota Timberwolves",100,"Cleveland Cavaliers",94,,
"Mon, Dec 20, 1999","Box Score","Miami Heat",92,"Dallas Mavericks",89,,
"Mon, Dec 20, 1999","Box Score","Portland Trail Blazers",88,"Denver Nuggets",97,,
"Mon, Dec 20, 1999","Box Score","Sacramento Kings",99,"Golden State Warriors",111,,
"Mon, Dec 20, 1999","Box Score","Charlotte Hornets",109,"New York Knicks",112,OT,
"Mon, Dec 20, 1999","Box Score","Utah Jazz",102,"Orlando Magic",104,,
"Mon, Dec 20, 1999","Box Score","Detroit Pistons",121,"Philadelphia 76ers",122,OT,
"Mon, Dec 20, 1999","Box Score","Milwaukee Bucks",101,"Phoenix Suns",108,,
"Tue, Dec 21, 1999","Box Score","Washington Wizards",97,"Detroit Pistons",83,,
"Tue, Dec 21, 1999","Box Score","Portland Trail Blazers",89,"Houston Rockets",79,,
"Tue, Dec 21, 1999","Box Score","Seattle SuperSonics",103,"Indiana Pacers",113,,
"Tue, Dec 21, 1999","Box Score","Milwaukee Bucks",95,"Sacramento Kings",108,,
"Tue, Dec 21, 1999","Box Score","Phoenix Suns",90,"San Antonio Spurs",91,OT,
"Tue, Dec 21, 1999","Box Score","New Jersey Nets",87,"Toronto Raptors",116,,
"Wed, Dec 22, 1999","Box Score","Atlanta Hawks",81,"Boston Celtics",98,,
"Wed, Dec 22, 1999","Box Score","Minnesota Timberwolves",106,"Chicago Bulls",86,,
"Wed, Dec 22, 1999","Box Score","Orlando Magic",103,"Cleveland Cavaliers",97,,
"Wed, Dec 22, 1999","Box Score","Los Angeles Clippers",103,"Golden State Warriors",99,,
"Wed, Dec 22, 1999","Box Score","Utah Jazz",72,"Miami Heat",74,,
"Wed, Dec 22, 1999","Box Score","Toronto Raptors",90,"New York Knicks",91,,
"Thu, Dec 23, 1999","Box Score","Cleveland Cavaliers",90,"Atlanta Hawks",108,,
"Thu, Dec 23, 1999","Box Score","Orlando Magic",110,"Charlotte Hornets",106,,
"Thu, Dec 23, 1999","Box Score","Washington Wizards",89,"Houston Rockets",105,,
"Thu, Dec 23, 1999","Box Score","Sacramento Kings",91,"Los Angeles Clippers",97,,
"Thu, Dec 23, 1999","Box Score","Seattle SuperSonics",102,"Minnesota Timberwolves",109,,
"Thu, Dec 23, 1999","Box Score","Philadelphia 76ers",94,"New Jersey Nets",99,,
"Thu, Dec 23, 1999","Box Score","Dallas Mavericks",111,"Phoenix Suns",110,,
"Thu, Dec 23, 1999","Box Score","Golden State Warriors",91,"Portland Trail Blazers",111,,
"Thu, Dec 23, 1999","Box Score","Milwaukee Bucks",94,"San Antonio Spurs",91,,
"Thu, Dec 23, 1999","Box Score","Denver Nuggets",91,"Vancouver Grizzlies",93,,
"Sat, Dec 25, 1999","Box Score","New York Knicks",90,"Indiana Pacers",101,,
"Sat, Dec 25, 1999","Box Score","San Antonio Spurs",93,"Los Angeles Lakers",99,,
"Sun, Dec 26, 1999","Box Score","Toronto Raptors",98,"Cleveland Cavaliers",95,,
"Sun, Dec 26, 1999","Box Score","Vancouver Grizzlies",86,"Denver Nuggets",109,,
"Sun, Dec 26, 1999","Box Score","Charlotte Hornets",96,"Detroit Pistons",114,,
"Sun, Dec 26, 1999","Box Score","Boston Celtics",100,"Los Angeles Clippers",103,,
"Sun, Dec 26, 1999","Box Score","Miami Heat",85,"Milwaukee Bucks",93,,
"Sun, Dec 26, 1999","Box Score","Chicago Bulls",76,"New Jersey Nets",103,,
"Sun, Dec 26, 1999","Box Score","Golden State Warriors",88,"Phoenix Suns",108,,
"Sun, Dec 26, 1999","Box Score","Dallas Mavericks",111,"Sacramento Kings",118,,
"Sun, Dec 26, 1999","Box Score","Philadelphia 76ers",92,"Seattle SuperSonics",86,,
"Sun, Dec 26, 1999","Box Score","Houston Rockets",92,"Washington Wizards",103,,
"Mon, Dec 27, 1999","Box Score","Atlanta Hawks",104,"Charlotte Hornets",108,,
"Mon, Dec 27, 1999","Box Score","Indiana Pacers",103,"Chicago Bulls",91,,
"Mon, Dec 27, 1999","Box Score","San Antonio Spurs",105,"Golden State Warriors",83,,
"Mon, Dec 27, 1999","Box Score","Dallas Mavericks",106,"Los Angeles Lakers",108,,
"Mon, Dec 27, 1999","Box Score","Minnesota Timberwolves",107,"Orlando Magic",105,,
"Mon, Dec 27, 1999","Box Score","Phoenix Suns",91,"Utah Jazz",92,,
"Mon, Dec 27, 1999","Box Score","Philadelphia 76ers",100,"Vancouver Grizzlies",93,,
"Tue, Dec 28, 1999","Box Score","Los Angeles Clippers",105,"Denver Nuggets",128,,
"Tue, Dec 28, 1999","Box Score","Toronto Raptors",100,"Houston Rockets",99,,
"Tue, Dec 28, 1999","Box Score","Minnesota Timberwolves",78,"Miami Heat",89,,
"Tue, Dec 28, 1999","Box Score","New York Knicks",83,"New Jersey Nets",89,,
"Tue, Dec 28, 1999","Box Score","Seattle SuperSonics",89,"Portland Trail Blazers",94,,
"Tue, Dec 28, 1999","Box Score","Boston Celtics",101,"Sacramento Kings",114,,
"Wed, Dec 29, 1999","Box Score","Indiana Pacers",116,"Atlanta Hawks",89,,
"Wed, Dec 29, 1999","Box Score","Milwaukee Bucks",105,"Charlotte Hornets",109,,
"Wed, Dec 29, 1999","Box Score","Detroit Pistons",91,"Chicago Bulls",77,,
"Wed, Dec 29, 1999","Box Score","Washington Wizards",94,"Cleveland Cavaliers",96,,
"Wed, Dec 29, 1999","Box Score","Philadelphia 76ers",97,"Golden State Warriors",94,,
"Wed, Dec 29, 1999","Box Score","Phoenix Suns",87,"Los Angeles Lakers",103,,
"Wed, Dec 29, 1999","Box Score","Miami Heat",109,"Orlando Magic",106,,
"Wed, Dec 29, 1999","Box Score","Sacramento Kings",113,"Seattle SuperSonics",104,,
"Wed, Dec 29, 1999","Box Score","Vancouver Grizzlies",90,"Utah Jazz",101,,
"Thu, Dec 30, 1999","Box Score","Toronto Raptors",109,"Dallas Mavericks",104,,
"Thu, Dec 30, 1999","Box Score","Boston Celtics",102,"Denver Nuggets",94,,
"Thu, Dec 30, 1999","Box Score","Atlanta Hawks",105,"Detroit Pistons",106,OT,
"Thu, Dec 30, 1999","Box Score","Los Angeles Clippers",100,"Houston Rockets",122,,
"Thu, Dec 30, 1999","Box Score","Charlotte Hornets",99,"Indiana Pacers",109,,
"Thu, Dec 30, 1999","Box Score","Cleveland Cavaliers",90,"Milwaukee Bucks",91,,
"Thu, Dec 30, 1999","Box Score","Chicago Bulls",76,"Minnesota Timberwolves",94,,
"Thu, Dec 30, 1999","Box Score","Orlando Magic",92,"New Jersey Nets",102,,
"Thu, Dec 30, 1999","Box Score","Philadelphia 76ers",90,"Portland Trail Blazers",108,,
"Thu, Dec 30, 1999","Box Score","San Antonio Spurs",98,"Vancouver Grizzlies",88,,
"Thu, Dec 30, 1999","Box Score","New York Knicks",89,"Washington Wizards",86,,
"Sun, Jan 2, 2000","Box Score","Orlando Magic",103,"Miami Heat",111,OT,
"Mon, Jan 3, 2000","Box Score","Cleveland Cavaliers",98,"Boston Celtics",105,,
"Mon, Jan 3, 2000","Box Score","Portland Trail Blazers",88,"Chicago Bulls",63,,
"Mon, Jan 3, 2000","Box Score","Detroit Pistons",118,"Orlando Magic",106,,
"Mon, Jan 3, 2000","Box Score","Milwaukee Bucks",120,"Philadelphia 76ers",124,OT,
"Mon, Jan 3, 2000","Box Score","Denver Nuggets",89,"Utah Jazz",109,,
"Mon, Jan 3, 2000","Box Score","Golden State Warriors",87,"Washington Wizards",99,,
"Tue, Jan 4, 2000","Box Score","Sacramento Kings",111,"Cleveland Cavaliers",107,,
"Tue, Jan 4, 2000","Box Score","Dallas Mavericks",96,"Denver Nuggets",98,,
"Tue, Jan 4, 2000","Box Score","Seattle SuperSonics",103,"Houston Rockets",96,,
"Tue, Jan 4, 2000","Box Score","New Jersey Nets",111,"Indiana Pacers",116,,
"Tue, Jan 4, 2000","Box Score","Los Angeles Lakers",122,"Los Angeles Clippers",98,,
"Tue, Jan 4, 2000","Box Score","Vancouver Grizzlies",91,"Miami Heat",87,,
"Tue, Jan 4, 2000","Box Score","Atlanta Hawks",113,"Milwaukee Bucks",116,,
"Tue, Jan 4, 2000","Box Score","San Antonio Spurs",88,"Minnesota Timberwolves",91,,
"Tue, Jan 4, 2000","Box Score","Boston Celtics",88,"New York Knicks",96,,
"Tue, Jan 4, 2000","Box Score","Charlotte Hornets",80,"Phoenix Suns",86,,
"Tue, Jan 4, 2000","Box Score","Portland Trail Blazers",114,"Toronto Raptors",90,,
"Wed, Jan 5, 2000","Box Score","Detroit Pistons",120,"Atlanta Hawks",108,,
"Wed, Jan 5, 2000","Box Score","Washington Wizards",66,"Chicago Bulls",77,,
"Wed, Jan 5, 2000","Box Score","Los Angeles Clippers",101,"Los Angeles Lakers",118,,
"Wed, Jan 5, 2000","Box Score","Vancouver Grizzlies",96,"Orlando Magic",116,,
"Wed, Jan 5, 2000","Box Score","Golden State Warriors",92,"Philadelphia 76ers",113,,
"Wed, Jan 5, 2000","Box Score","Seattle SuperSonics",99,"San Antonio Spurs",96,,
"Wed, Jan 5, 2000","Box Score","Charlotte Hornets",96,"Utah Jazz",118,,
"Thu, Jan 6, 2000","Box Score","Golden State Warriors",75,"Cleveland Cavaliers",90,,
"Thu, Jan 6, 2000","Box Score","Utah Jazz",105,"Dallas Mavericks",92,,
"Thu, Jan 6, 2000","Box Score","Indiana Pacers",102,"Denver Nuggets",87,,
"Thu, Jan 6, 2000","Box Score","Milwaukee Bucks",95,"Detroit Pistons",101,,
"Thu, Jan 6, 2000","Box Score","Houston Rockets",99,"Miami Heat",111,,
"Thu, Jan 6, 2000","Box Score","Portland Trail Blazers",96,"Minnesota Timberwolves",98,,
"Thu, Jan 6, 2000","Box Score","Sacramento Kings",89,"Toronto Raptors",101,,
"Fri, Jan 7, 2000","Box Score","Toronto Raptors",97,"Atlanta Hawks",105,,
"Fri, Jan 7, 2000","Box Score","Sacramento Kings",93,"Boston Celtics",101,,
"Fri, Jan 7, 2000","Box Score","Charlotte Hornets",83,"Los Angeles Lakers",87,,
"Fri, Jan 7, 2000","Box Score","Vancouver Grizzlies",101,"New Jersey Nets",91,,
"Fri, Jan 7, 2000","Box Score","New York Knicks",94,"Orlando Magic",86,,
"Fri, Jan 7, 2000","Box Score","San Antonio Spurs",102,"Phoenix Suns",83,,
"Fri, Jan 7, 2000","Box Score","Chicago Bulls",110,"Washington Wizards",103,,
"Sat, Jan 8, 2000","Box Score","Boston Celtics",79,"Chicago Bulls",96,,
"Sat, Jan 8, 2000","Box Score","Atlanta Hawks",85,"Dallas Mavericks",95,,
"Sat, Jan 8, 2000","Box Score","Charlotte Hornets",92,"Denver Nuggets",97,,
"Sat, Jan 8, 2000","Box Score","Minnesota Timberwolves",110,"Detroit Pistons",105,,
"Sat, Jan 8, 2000","Box Score","Utah Jazz",103,"Houston Rockets",87,,
"Sat, Jan 8, 2000","Box Score","Indiana Pacers",94,"Los Angeles Clippers",107,,
"Sat, Jan 8, 2000","Box Score","New Jersey Nets",90,"Miami Heat",89,,
"Sat, Jan 8, 2000","Box Score","Washington Wizards",129,"Milwaukee Bucks",130,2OT,
"Sat, Jan 8, 2000","Box Score","Cleveland Cavaliers",89,"New York Knicks",86,,
"Sat, Jan 8, 2000","Box Score","Phoenix Suns",91,"Portland Trail Blazers",96,,
"Sat, Jan 8, 2000","Box Score","Orlando Magic",92,"San Antonio Spurs",127,,
"Sat, Jan 8, 2000","Box Score","Los Angeles Lakers",110,"Seattle SuperSonics",100,,
"Sun, Jan 9, 2000","Box Score","Seattle SuperSonics",100,"Golden State Warriors",95,OT,
"Sun, Jan 9, 2000","Box Score","Minnesota Timberwolves",123,"Philadelphia 76ers",112,,
"Sun, Jan 9, 2000","Box Score","Indiana Pacers",113,"Sacramento Kings",116,,
"Sun, Jan 9, 2000","Box Score","Vancouver Grizzlies",107,"Toronto Raptors",97,,
"Mon, Jan 10, 2000","Box Score","Vancouver Grizzlies",112,"Boston Celtics",103,,
"Mon, Jan 10, 2000","Box Score","Los Angeles Clippers",106,"Cleveland Cavaliers",111,,
"Mon, Jan 10, 2000","Box Score","Denver Nuggets",95,"Los Angeles Lakers",130,,
"Mon, Jan 10, 2000","Box Score","Charlotte Hornets",87,"Milwaukee Bucks",137,,
"Mon, Jan 10, 2000","Box Score","New Jersey Nets",100,"Orlando Magic",94,,
"Mon, Jan 10, 2000","Box Score","Dallas Mavericks",94,"Portland Trail Blazers",107,,
"Mon, Jan 10, 2000","Box Score","Utah Jazz",86,"San Antonio Spurs",93,,
"Tue, Jan 11, 2000","Box Score","Dallas Mavericks",109,"Golden State Warriors",102,,
"Tue, Jan 11, 2000","Box Score","Miami Heat",116,"Minnesota Timberwolves",106,,
"Tue, Jan 11, 2000","Box Score","Chicago Bulls",88,"New York Knicks",95,,
"Tue, Jan 11, 2000","Box Score","Houston Rockets",93,"Sacramento Kings",110,,
"Tue, Jan 11, 2000","Box Score","Phoenix Suns",88,"Seattle SuperSonics",101,,
"Tue, Jan 11, 2000","Box Score","Toronto Raptors",89,"Washington Wizards",117,,
"Wed, Jan 12, 2000","Box Score","Los Angeles Clippers",88,"Boston Celtics",95,,
"Wed, Jan 12, 2000","Box Score","Seattle SuperSonics",103,"Denver Nuggets",93,,
"Wed, Jan 12, 2000","Box Score","New York Knicks",108,"Detroit Pistons",114,,
"Wed, Jan 12, 2000","Box Score","Washington Wizards",102,"Indiana Pacers",117,,
"Wed, Jan 12, 2000","Box Score","Los Angeles Lakers",103,"Milwaukee Bucks",94,,
"Wed, Jan 12, 2000","Box Score","Cleveland Cavaliers",75,"Portland Trail Blazers",95,,
"Wed, Jan 12, 2000","Box Score","Orlando Magic",102,"Toronto Raptors",108,,
"Wed, Jan 12, 2000","Box Score","Phoenix Suns",95,"Vancouver Grizzlies",92,,
"Thu, Jan 13, 2000","Box Score","Houston Rockets",108,"Golden State Warriors",100,,
"Thu, Jan 13, 2000","Box Score","Boston Celtics",85,"Minnesota Timberwolves",103,,
"Thu, Jan 13, 2000","Box Score","Los Angeles Clippers",105,"New Jersey Nets",110,,
"Thu, Jan 13, 2000","Box Score","San Antonio Spurs",103,"Sacramento Kings",107,,
"Thu, Jan 13, 2000","Box Score","Miami Heat",83,"Utah Jazz",93,,
"Fri, Jan 14, 2000","Box Score","Atlanta Hawks",89,"Chicago Bulls",83,,
"Fri, Jan 14, 2000","Box Score","Miami Heat",92,"Denver Nuggets",87,,
"Fri, Jan 14, 2000","Box Score","Washington Wizards",98,"Detroit Pistons",105,,
"Fri, Jan 14, 2000","Box Score","Los Angeles Lakers",102,"Indiana Pacers",111,,
"Fri, Jan 14, 2000","Box Score","Orlando Magic",100,"Philadelphia 76ers",102,,
"Fri, Jan 14, 2000","Box Score","Portland Trail Blazers",105,"Phoenix Suns",83,,
"Fri, Jan 14, 2000","Box Score","San Antonio Spurs",85,"Seattle SuperSonics",91,,
"Fri, Jan 14, 2000","Box Score","Milwaukee Bucks",110,"Toronto Raptors",115,,
"Fri, Jan 14, 2000","Box Score","Cleveland Cavaliers",82,"Vancouver Grizzlies",80,,
"Sat, Jan 15, 2000","Box Score","Philadelphia 76ers",101,"Atlanta Hawks",98,,
"Sat, Jan 15, 2000","Box Score","Houston Rockets",93,"Chicago Bulls",90,,
"Sat, Jan 15, 2000","Box Score","Portland Trail Blazers",105,"Dallas Mavericks",113,,
"Sat, Jan 15, 2000","Box Score","Sacramento Kings",114,"Golden State Warriors",99,,
"Sat, Jan 15, 2000","Box Score","Toronto Raptors",97,"Milwaukee Bucks",118,,
"Sat, Jan 15, 2000","Box Score","Los Angeles Lakers",104,"Minnesota Timberwolves",91,,
"Sat, Jan 15, 2000","Box Score","Boston Celtics",99,"New Jersey Nets",96,,
"Sat, Jan 15, 2000","Box Score","Charlotte Hornets",79,"New York Knicks",91,,
"Sat, Jan 15, 2000","Box Score","Indiana Pacers",96,"Orlando Magic",89,,
"Sat, Jan 15, 2000","Box Score","Los Angeles Clippers",75,"Utah Jazz",112,,
"Sat, Jan 15, 2000","Box Score","Detroit Pistons",112,"Washington Wizards",107,,
"Sun, Jan 16, 2000","Box Score","Denver Nuggets",100,"Phoenix Suns",113,,
"Sun, Jan 16, 2000","Box Score","Cleveland Cavaliers",102,"Sacramento Kings",113,,
"Sun, Jan 16, 2000","Box Score","Miami Heat",94,"Vancouver Grizzlies",83,,
"Mon, Jan 17, 2000","Box Score","Milwaukee Bucks",107,"Atlanta Hawks",101,,
"Mon, Jan 17, 2000","Box Score","Toronto Raptors",94,"Charlotte Hornets",115,,
"Mon, Jan 17, 2000","Box Score","Houston Rockets",121,"Dallas Mavericks",111,,
"Mon, Jan 17, 2000","Box Score","Orlando Magic",100,"Golden State Warriors",113,,
"Mon, Jan 17, 2000","Box Score","San Antonio Spurs",99,"Los Angeles Clippers",93,,
"Mon, Jan 17, 2000","Box Score","Seattle SuperSonics",82,"Los Angeles Lakers",81,,
"Mon, Jan 17, 2000","Box Score","Indiana Pacers",100,"Minnesota Timberwolves",101,,
"Mon, Jan 17, 2000","Box Score","Detroit Pistons",94,"New York Knicks",105,,
"Mon, Jan 17, 2000","Box Score","New Jersey Nets",96,"Philadelphia 76ers",101,,
"Mon, Jan 17, 2000","Box Score","Boston Celtics",105,"Washington Wizards",101,,
"Tue, Jan 18, 2000","Box Score","Portland Trail Blazers",89,"Houston Rockets",90,,
"Tue, Jan 18, 2000","Box Score","Chicago Bulls",92,"Miami Heat",85,OT,
"Tue, Jan 18, 2000","Box Score","Los Angeles Clippers",98,"Sacramento Kings",104,,
"Tue, Jan 18, 2000","Box Score","Cleveland Cavaliers",80,"Seattle SuperSonics",99,,
"Wed, Jan 19, 2000","Box Score","Toronto Raptors",90,"Boston Celtics",94,,
"Wed, Jan 19, 2000","Box Score","Charlotte Hornets",96,"Chicago Bulls",86,,
"Wed, Jan 19, 2000","Box Score","Milwaukee Bucks",84,"Indiana Pacers",106,,
"Wed, Jan 19, 2000","Box Score","Cleveland Cavaliers",86,"Los Angeles Lakers",95,,
"Wed, Jan 19, 2000","Box Score","New Jersey Nets",89,"New York Knicks",90,,
"Wed, Jan 19, 2000","Box Score","Atlanta Hawks",89,"Philadelphia 76ers",107,,
"Wed, Jan 19, 2000","Box Score","Portland Trail Blazers",105,"San Antonio Spurs",95,,
"Wed, Jan 19, 2000","Box Score","Minnesota Timberwolves",91,"Utah Jazz",88,,
"Wed, Jan 19, 2000","Box Score","Dallas Mavericks",104,"Washington Wizards",86,,
"Thu, Jan 20, 2000","Box Score","Philadelphia 76ers",100,"Charlotte Hornets",109,,
"Thu, Jan 20, 2000","Box Score","Denver Nuggets",115,"Houston Rockets",122,,
"Thu, Jan 20, 2000","Box Score","Seattle SuperSonics",104,"Milwaukee Bucks",96,,
"Thu, Jan 20, 2000","Box Score","Detroit Pistons",120,"New Jersey Nets",122,,
"Thu, Jan 20, 2000","Box Score","Orlando Magic",103,"Sacramento Kings",111,,
"Thu, Jan 20, 2000","Box Score","Utah Jazz",94,"Vancouver Grizzlies",89,,
"Fri, Jan 21, 2000","Box Score","Seattle SuperSonics",86,"Boston Celtics",111,,
"Fri, Jan 21, 2000","Box Score","Phoenix Suns",101,"Denver Nuggets",99,,
"Fri, Jan 21, 2000","Box Score","Cleveland Cavaliers",103,"Golden State Warriors",115,,
"Fri, Jan 21, 2000","Box Score","Minnesota Timberwolves",95,"Los Angeles Clippers",89,,
"Fri, Jan 21, 2000","Box Score","Atlanta Hawks",79,"Miami Heat",101,,
"Fri, Jan 21, 2000","Box Score","Indiana Pacers",113,"Washington Wizards",123,,
"Sat, Jan 22, 2000","Box Score","Washington Wizards",93,"Atlanta Hawks",111,,
"Sat, Jan 22, 2000","Box Score","Boston Celtics",96,"Charlotte Hornets",110,,
"Sat, Jan 22, 2000","Box Score","Detroit Pistons",92,"Chicago Bulls",98,,
"Sat, Jan 22, 2000","Box Score","Portland Trail Blazers",95,"Los Angeles Lakers",91,,
"Sat, Jan 22, 2000","Box Score","Dallas Mavericks",95,"New Jersey Nets",98,,
"Sat, Jan 22, 2000","Box Score","Indiana Pacers",97,"Philadelphia 76ers",103,,
"Sat, Jan 22, 2000","Box Score","Cleveland Cavaliers",88,"Phoenix Suns",101,,
"Sat, Jan 22, 2000","Box Score","Utah Jazz",104,"Sacramento Kings",101,,
"Sat, Jan 22, 2000","Box Score","New York Knicks",83,"San Antonio Spurs",96,,
"Sat, Jan 22, 2000","Box Score","Orlando Magic",85,"Vancouver Grizzlies",82,,
"Sun, Jan 23, 2000","Box Score","Dallas Mavericks",99,"Detroit Pistons",91,,
"Sun, Jan 23, 2000","Box Score","Minnesota Timberwolves",99,"Golden State Warriors",81,,
"Sun, Jan 23, 2000","Box Score","Miami Heat",88,"Houston Rockets",101,,
"Sun, Jan 23, 2000","Box Score","Orlando Magic",102,"Los Angeles Clippers",89,,
"Sun, Jan 23, 2000","Box Score","Seattle SuperSonics",77,"Toronto Raptors",94,,
"Mon, Jan 24, 2000","Box Score","Indiana Pacers",82,"Chicago Bulls",83,,
"Mon, Jan 24, 2000","Box Score","Vancouver Grizzlies",98,"Denver Nuggets",110,,
"Mon, Jan 24, 2000","Box Score","Seattle SuperSonics",106,"New York Knicks",112,,
"Mon, Jan 24, 2000","Box Score","New Jersey Nets",87,"Portland Trail Blazers",101,,
"Mon, Jan 24, 2000","Box Score","Los Angeles Lakers",101,"Utah Jazz",105,2OT,
"Tue, Jan 25, 2000","Box Score","Chicago Bulls",89,"Atlanta Hawks",96,,
"Tue, Jan 25, 2000","Box Score","Sacramento Kings",110,"Charlotte Hornets",99,,
"Tue, Jan 25, 2000","Box Score","Detroit Pistons",107,"Cleveland Cavaliers",116,OT,
"Tue, Jan 25, 2000","Box Score","Golden State Warriors",103,"Dallas Mavericks",117,,
"Tue, Jan 25, 2000","Box Score","Minnesota Timberwolves",92,"Houston Rockets",84,,
"Tue, Jan 25, 2000","Box Score","Phoenix Suns",87,"Indiana Pacers",93,,
"Tue, Jan 25, 2000","Box Score","Boston Celtics",89,"Miami Heat",115,,
"Tue, Jan 25, 2000","Box Score","Los Angeles Clippers",82,"San Antonio Spurs",105,,
"Wed, Jan 26, 2000","Box Score","Sacramento Kings",104,"Milwaukee Bucks",112,,
"Wed, Jan 26, 2000","Box Score","Boston Celtics",89,"Orlando Magic",111,,
"Wed, Jan 26, 2000","Box Score","Phoenix Suns",93,"Philadelphia 76ers",87,,
"Wed, Jan 26, 2000","Box Score","New Jersey Nets",92,"Seattle SuperSonics",95,,
"Wed, Jan 26, 2000","Box Score","Washington Wizards",105,"Toronto Raptors",120,,
"Wed, Jan 26, 2000","Box Score","Vancouver Grizzlies",116,"Utah Jazz",99,,
"Thu, Jan 27, 2000","Box Score","Detroit Pistons",102,"Charlotte Hornets",117,,
"Thu, Jan 27, 2000","Box Score","Orlando Magic",90,"Cleveland Cavaliers",102,,
"Thu, Jan 27, 2000","Box Score","Los Angeles Clippers",90,"Dallas Mavericks",99,,
"Thu, Jan 27, 2000","Box Score","Golden State Warriors",115,"Houston Rockets",110,,
"Thu, Jan 27, 2000","Box Score","Utah Jazz",75,"Portland Trail Blazers",85,,
"Thu, Jan 27, 2000","Box Score","Minnesota Timberwolves",80,"San Antonio Spurs",92,,
"Thu, Jan 27, 2000","Box Score","New Jersey Nets",106,"Vancouver Grizzlies",108,,
"Fri, Jan 28, 2000","Box Score","New York Knicks",96,"Atlanta Hawks",98,OT,
"Fri, Jan 28, 2000","Box Score","Phoenix Suns",88,"Boston Celtics",91,,
"Fri, Jan 28, 2000","Box Score","Sacramento Kings",102,"Chicago Bulls",90,,
"Fri, Jan 28, 2000","Box Score","Houston Rockets",98,"Denver Nuggets",104,,
"Fri, Jan 28, 2000","Box Score","Milwaukee Bucks",89,"Los Angeles Lakers",117,,
"Fri, Jan 28, 2000","Box Score","Miami Heat",93,"Toronto Raptors",108,,
"Sat, Jan 29, 2000","Box Score","Phoenix Suns",79,"Charlotte Hornets",100,,
"Sat, Jan 29, 2000","Box Score","Toronto Raptors",106,"Chicago Bulls",89,,
"Sat, Jan 29, 2000","Box Score","Denver Nuggets",96,"Dallas Mavericks",107,,
"Sat, Jan 29, 2000","Box Score","Philadelphia 76ers",88,"Detroit Pistons",90,,
"Sat, Jan 29, 2000","Box Score","Miami Heat",84,"Indiana Pacers",94,,
"Sat, Jan 29, 2000","Box Score","New Jersey Nets",93,"Los Angeles Clippers",98,,
"Sat, Jan 29, 2000","Box Score","Utah Jazz",94,"Minnesota Timberwolves",96,,
"Sat, Jan 29, 2000","Box Score","Atlanta Hawks",87,"Orlando Magic",103,,
"Sat, Jan 29, 2000","Box Score","San Antonio Spurs",67,"Portland Trail Blazers",81,,
"Sat, Jan 29, 2000","Box Score","Milwaukee Bucks",101,"Seattle SuperSonics",99,,
"Sat, Jan 29, 2000","Box Score","Cleveland Cavaliers",98,"Washington Wizards",103,,
"Sun, Jan 30, 2000","Box Score","Los Angeles Lakers",83,"Houston Rockets",89,,
"Sun, Jan 30, 2000","Box Score","Sacramento Kings",111,"New York Knicks",120,,
"Mon, Jan 31, 2000","Box Score","Philadelphia 76ers",80,"Denver Nuggets",83,,
"Mon, Jan 31, 2000","Box Score","Detroit Pistons",82,"Miami Heat",104,,
"Mon, Jan 31, 2000","Box Score","Sacramento Kings",90,"Minnesota Timberwolves",105,,
"Mon, Jan 31, 2000","Box Score","Phoenix Suns",117,"Orlando Magic",113,,
"Mon, Jan 31, 2000","Box Score","Milwaukee Bucks",92,"Vancouver Grizzlies",87,,
"Tue, Feb 1, 2000","Box Score","Washington Wizards",108,"Cleveland Cavaliers",112,,
"Tue, Feb 1, 2000","Box Score","Philadelphia 76ers",101,"Dallas Mavericks",100,,
"Tue, Feb 1, 2000","Box Score","Charlotte Hornets",83,"Houston Rockets",99,,
"Tue, Feb 1, 2000","Box Score","Boston Celtics",96,"Indiana Pacers",99,,
"Tue, Feb 1, 2000","Box Score","Golden State Warriors",107,"Los Angeles Clippers",76,,
"Tue, Feb 1, 2000","Box Score","Orlando Magic",98,"New York Knicks",77,,
"Tue, Feb 1, 2000","Box Score","Chicago Bulls",81,"Portland Trail Blazers",92,,
"Tue, Feb 1, 2000","Box Score","Los Angeles Lakers",81,"San Antonio Spurs",105,,
"Tue, Feb 1, 2000","Box Score","Seattle SuperSonics",104,"Utah Jazz",96,,
"Wed, Feb 2, 2000","Box Score","Miami Heat",105,"Boston Celtics",103,,
"Wed, Feb 2, 2000","Box Score","Milwaukee Bucks",112,"Denver Nuggets",135,,
"Wed, Feb 2, 2000","Box Score","Sacramento Kings",113,"Detroit Pistons",110,,
"Wed, Feb 2, 2000","Box Score","Vancouver Grizzlies",95,"Golden State Warriors",101,,
"Wed, Feb 2, 2000","Box Score","Atlanta Hawks",97,"New Jersey Nets",89,,
"Wed, Feb 2, 2000","Box Score","Los Angeles Clippers",68,"Phoenix Suns",114,,
"Wed, Feb 2, 2000","Box Score","Chicago Bulls",88,"Seattle SuperSonics",81,,
"Wed, Feb 2, 2000","Box Score","Minnesota Timberwolves",93,"Washington Wizards",103,,
"Thu, Feb 3, 2000","Box Score","Charlotte Hornets",96,"Dallas Mavericks",106,,
"Thu, Feb 3, 2000","Box Score","Philadelphia 76ers",106,"Houston Rockets",109,,
"Thu, Feb 3, 2000","Box Score","Portland Trail Blazers",88,"New York Knicks",98,,
"Thu, Feb 3, 2000","Box Score","Toronto Raptors",95,"San Antonio Spurs",112,,
"Thu, Feb 3, 2000","Box Score","Milwaukee Bucks",102,"Utah Jazz",99,,
"Fri, Feb 4, 2000","Box Score","Portland Trail Blazers",97,"Atlanta Hawks",90,,
"Fri, Feb 4, 2000","Box Score","New Jersey Nets",95,"Boston Celtics",100,,
"Fri, Feb 4, 2000","Box Score","Cleveland Cavaliers",96,"Detroit Pistons",105,,
"Fri, Feb 4, 2000","Box Score","Denver Nuggets",101,"Golden State Warriors",103,,
"Fri, Feb 4, 2000","Box Score","Sacramento Kings",94,"Indiana Pacers",104,,
"Fri, Feb 4, 2000","Box Score","Utah Jazz",67,"Los Angeles Lakers",113,,
"Fri, Feb 4, 2000","Box Score","Washington Wizards",92,"Miami Heat",99,,
"Fri, Feb 4, 2000","Box Score","Houston Rockets",85,"Minnesota Timberwolves",102,,
"Fri, Feb 4, 2000","Box Score","Phoenix Suns",86,"Seattle SuperSonics",94,,
"Fri, Feb 4, 2000","Box Score","Chicago Bulls",76,"Vancouver Grizzlies",101,,
"Sat, Feb 5, 2000","Box Score","Atlanta Hawks",102,"Cleveland Cavaliers",94,,
"Sat, Feb 5, 2000","Box Score","Minnesota Timberwolves",105,"Denver Nuggets",97,OT,
"Sat, Feb 5, 2000","Box Score","Dallas Mavericks",119,"Los Angeles Clippers",106,,
"Sat, Feb 5, 2000","Box Score","Toronto Raptors",98,"Milwaukee Bucks",95,,
"Sat, Feb 5, 2000","Box Score","Indiana Pacers",102,"Orlando Magic",107,,
"Sat, Feb 5, 2000","Box Score","Charlotte Hornets",110,"Washington Wizards",102,,
"Sun, Feb 6, 2000","Box Score","Portland Trail Blazers",100,"Boston Celtics",94,,
"Sun, Feb 6, 2000","Box Score","Houston Rockets",105,"Detroit Pistons",109,,
"Sun, Feb 6, 2000","Box Score","Chicago Bulls",100,"Los Angeles Clippers",90,,
"Sun, Feb 6, 2000","Box Score","Golden State Warriors",90,"New Jersey Nets",110,,
"Sun, Feb 6, 2000","Box Score","Miami Heat",80,"New York Knicks",94,,
"Sun, Feb 6, 2000","Box Score","Sacramento Kings",108,"Philadelphia 76ers",119,,
"Sun, Feb 6, 2000","Box Score","Seattle SuperSonics",93,"Phoenix Suns",105,,
"Sun, Feb 6, 2000","Box Score","San Antonio Spurs",90,"Utah Jazz",93,,
"Sun, Feb 6, 2000","Box Score","Dallas Mavericks",103,"Vancouver Grizzlies",99,OT,
"Mon, Feb 7, 2000","Box Score","New York Knicks",85,"Charlotte Hornets",95,,
"Mon, Feb 7, 2000","Box Score","Philadelphia 76ers",84,"Indiana Pacers",109,,
"Mon, Feb 7, 2000","Box Score","Denver Nuggets",98,"Los Angeles Lakers",106,,
"Mon, Feb 7, 2000","Box Score","Portland Trail Blazers",115,"Milwaukee Bucks",111,,
"Mon, Feb 7, 2000","Box Score","Golden State Warriors",100,"Orlando Magic",120,,
"Tue, Feb 8, 2000","Box Score","Cleveland Cavaliers",83,"Houston Rockets",91,,
"Tue, Feb 8, 2000","Box Score","Boston Celtics",113,"New Jersey Nets",131,,
"Tue, Feb 8, 2000","Box Score","Vancouver Grizzlies",76,"Phoenix Suns",94,,
"Tue, Feb 8, 2000","Box Score","Chicago Bulls",80,"Sacramento Kings",119,,
"Tue, Feb 8, 2000","Box Score","Seattle SuperSonics",77,"San Antonio Spurs",79,,
"Tue, Feb 8, 2000","Box Score","Atlanta Hawks",88,"Toronto Raptors",109,,
"Wed, Feb 9, 2000","Box Score","Houston Rockets",100,"Atlanta Hawks",116,,
"Wed, Feb 9, 2000","Box Score","Indiana Pacers",113,"Boston Celtics",104,,
"Wed, Feb 9, 2000","Box Score","Cleveland Cavaliers",95,"Charlotte Hornets",103,,
"Wed, Feb 9, 2000","Box Score","Seattle SuperSonics",117,"Dallas Mavericks",106,,
"Wed, Feb 9, 2000","Box Score","San Antonio Spurs",106,"Denver Nuggets",97,,
"Wed, Feb 9, 2000","Box Score","Toronto Raptors",108,"Detroit Pistons",115,OT,
"Wed, Feb 9, 2000","Box Score","Minnesota Timberwolves",81,"Los Angeles Lakers",114,,
"Wed, Feb 9, 2000","Box Score","Golden State Warriors",100,"Miami Heat",115,,
"Wed, Feb 9, 2000","Box Score","New York Knicks",109,"Milwaukee Bucks",103,,
"Wed, Feb 9, 2000","Box Score","Washington Wizards",96,"Orlando Magic",107,,
"Wed, Feb 9, 2000","Box Score","New Jersey Nets",90,"Philadelphia 76ers",92,,
"Wed, Feb 9, 2000","Box Score","Los Angeles Clippers",100,"Portland Trail Blazers",107,,
"Wed, Feb 9, 2000","Box Score","Chicago Bulls",86,"Utah Jazz",113,,
"Thu, Feb 10, 2000","Box Score","Vancouver Grizzlies",112,"Los Angeles Clippers",90,,
"Thu, Feb 10, 2000","Box Score","Minnesota Timberwolves",85,"Phoenix Suns",101,,
"Thu, Feb 10, 2000","Box Score","Denver Nuggets",84,"Sacramento Kings",96,,
"Tue, Feb 15, 2000","Box Score","New Jersey Nets",86,"Atlanta Hawks",103,,
"Tue, Feb 15, 2000","Box Score","Los Angeles Lakers",88,"Chicago Bulls",76,,
"Tue, Feb 15, 2000","Box Score","San Antonio Spurs",81,"Cleveland Cavaliers",92,,
"Tue, Feb 15, 2000","Box Score","Milwaukee Bucks",112,"Dallas Mavericks",99,,
"Tue, Feb 15, 2000","Box Score","Portland Trail Blazers",92,"Golden State Warriors",83,,
"Tue, Feb 15, 2000","Box Score","Detroit Pistons",102,"Houston Rockets",107,,
"Tue, Feb 15, 2000","Box Score","Los Angeles Clippers",88,"Miami Heat",107,,
"Tue, Feb 15, 2000","Box Score","Denver Nuggets",107,"Minnesota Timberwolves",104,OT,
"Tue, Feb 15, 2000","Box Score","Charlotte Hornets",95,"Philadelphia 76ers",93,,
"Tue, Feb 15, 2000","Box Score","Phoenix Suns",117,"Sacramento Kings",108,,
"Tue, Feb 15, 2000","Box Score","Washington Wizards",85,"Seattle SuperSonics",114,,
"Tue, Feb 15, 2000","Box Score","New York Knicks",70,"Toronto Raptors",91,,
"Tue, Feb 15, 2000","Box Score","Boston Celtics",101,"Utah Jazz",99,,
"Wed, Feb 16, 2000","Box Score","Los Angeles Lakers",92,"Charlotte Hornets",85,,
"Wed, Feb 16, 2000","Box Score","Toronto Raptors",101,"Indiana Pacers",109,,
"Wed, Feb 16, 2000","Box Score","Minnesota Timberwolves",89,"New York Knicks",93,,
"Wed, Feb 16, 2000","Box Score","Los Angeles Clippers",96,"Orlando Magic",129,,
"Wed, Feb 16, 2000","Box Score","Golden State Warriors",95,"Portland Trail Blazers",99,,
"Wed, Feb 16, 2000","Box Score","Washington Wizards",87,"Vancouver Grizzlies",92,,
"Thu, Feb 17, 2000","Box Score","Miami Heat",76,"Chicago Bulls",83,,
"Thu, Feb 17, 2000","Box Score","Denver Nuggets",101,"Cleveland Cavaliers",119,,
"Thu, Feb 17, 2000","Box Score","Detroit Pistons",97,"Dallas Mavericks",106,,
"Thu, Feb 17, 2000","Box Score","Indiana Pacers",92,"Milwaukee Bucks",90,,
"Thu, Feb 17, 2000","Box Score","Sacramento Kings",108,"Utah Jazz",119,,
"Fri, Feb 18, 2000","Box Score","Los Angeles Clippers",87,"Charlotte Hornets",115,,
"Fri, Feb 18, 2000","Box Score","Boston Celtics",100,"Golden State Warriors",122,,
"Fri, Feb 18, 2000","Box Score","Vancouver Grizzlies",91,"Minnesota Timberwolves",103,,
"Fri, Feb 18, 2000","Box Score","Miami Heat",84,"New Jersey Nets",91,,
"Fri, Feb 18, 2000","Box Score","Los Angeles Lakers",107,"Orlando Magic",99,OT,
"Fri, Feb 18, 2000","Box Score","Cleveland Cavaliers",75,"Philadelphia 76ers",104,,
"Fri, Feb 18, 2000","Box Score","Atlanta Hawks",73,"Phoenix Suns",85,,
"Fri, Feb 18, 2000","Box Score","Washington Wizards",85,"Portland Trail Blazers",93,,
"Fri, Feb 18, 2000","Box Score","Seattle SuperSonics",85,"Sacramento Kings",118,,
"Fri, Feb 18, 2000","Box Score","Houston Rockets",92,"San Antonio Spurs",116,,
"Fri, Feb 18, 2000","Box Score","Denver Nuggets",95,"Toronto Raptors",91,,
"Sat, Feb 19, 2000","Box Score","Los Angeles Clippers",72,"Chicago Bulls",74,,
"Sat, Feb 19, 2000","Box Score","Vancouver Grizzlies",111,"Milwaukee Bucks",100,,
"Sat, Feb 19, 2000","Box Score","Indiana Pacers",73,"New York Knicks",87,,
"Sat, Feb 19, 2000","Box Score","Boston Celtics",91,"Seattle SuperSonics",94,,
"Sat, Feb 19, 2000","Box Score","Detroit Pistons",87,"Utah Jazz",91,,
"Sun, Feb 20, 2000","Box Score","Miami Heat",85,"Charlotte Hornets",80,,
"Sun, Feb 20, 2000","Box Score","Washington Wizards",103,"Golden State Warriors",112,,
"Sun, Feb 20, 2000","Box Score","San Antonio Spurs",113,"Houston Rockets",111,OT,
"Sun, Feb 20, 2000","Box Score","New Jersey Nets",91,"Minnesota Timberwolves",89,,
"Sun, Feb 20, 2000","Box Score","Los Angeles Lakers",87,"Philadelphia 76ers",84,,
"Sun, Feb 20, 2000","Box Score","Portland Trail Blazers",108,"Sacramento Kings",103,OT,
"Sun, Feb 20, 2000","Box Score","Dallas Mavericks",100,"Toronto Raptors",96,,
"Mon, Feb 21, 2000","Box Score","Vancouver Grizzlies",108,"Cleveland Cavaliers",109,OT,
"Mon, Feb 21, 2000","Box Score","Sacramento Kings",117,"Denver Nuggets",123,OT,
"Mon, Feb 21, 2000","Box Score","Miami Heat",87,"Detroit Pistons",95,,
"Mon, Feb 21, 2000","Box Score","Dallas Mavericks",93,"Indiana Pacers",94,,
"Mon, Feb 21, 2000","Box Score","Los Angeles Clippers",76,"New York Knicks",87,,
"Mon, Feb 21, 2000","Box Score","Boston Celtics",92,"Portland Trail Blazers",105,,
"Mon, Feb 21, 2000","Box Score","Phoenix Suns",98,"San Antonio Spurs",89,,
"Mon, Feb 21, 2000","Box Score","Atlanta Hawks",94,"Utah Jazz",96,,
"Tue, Feb 22, 2000","Box Score","Houston Rockets",97,"Charlotte Hornets",102,,
"Tue, Feb 22, 2000","Box Score","Vancouver Grizzlies",85,"Chicago Bulls",81,,
"Tue, Feb 22, 2000","Box Score","Golden State Warriors",89,"Minnesota Timberwolves",112,,
"Tue, Feb 22, 2000","Box Score","Los Angeles Lakers",97,"New Jersey Nets",89,,
"Tue, Feb 22, 2000","Box Score","Denver Nuggets",67,"Phoenix Suns",86,,
"Tue, Feb 22, 2000","Box Score","Orlando Magic",91,"Seattle SuperSonics",127,,
"Tue, Feb 22, 2000","Box Score","Milwaukee Bucks",101,"Washington Wizards",126,,
"Wed, Feb 23, 2000","Box Score","Los Angeles Lakers",116,"Cleveland Cavaliers",98,,
"Wed, Feb 23, 2000","Box Score","Indiana Pacers",118,"Detroit Pistons",111,,
"Wed, Feb 23, 2000","Box Score","New Jersey Nets",85,"Miami Heat",99,,
"Wed, Feb 23, 2000","Box Score","Golden State Warriors",91,"Milwaukee Bucks",86,,
"Wed, Feb 23, 2000","Box Score","Toronto Raptors",99,"New York Knicks",88,,
"Wed, Feb 23, 2000","Box Score","Los Angeles Clippers",78,"Philadelphia 76ers",94,,
"Wed, Feb 23, 2000","Box Score","Atlanta Hawks",100,"Sacramento Kings",94,,
"Thu, Feb 24, 2000","Box Score","San Antonio Spurs",72,"Charlotte Hornets",70,,
"Thu, Feb 24, 2000","Box Score","Utah Jazz",92,"Dallas Mavericks",85,,
"Thu, Feb 24, 2000","Box Score","Denver Nuggets",106,"Houston Rockets",97,,
"Thu, Feb 24, 2000","Box Score","Chicago Bulls",83,"Indiana Pacers",100,,
"Thu, Feb 24, 2000","Box Score","Los Angeles Clippers",91,"Minnesota Timberwolves",116,,
"Thu, Feb 24, 2000","Box Score","Orlando Magic",92,"Portland Trail Blazers",111,,
"Thu, Feb 24, 2000","Box Score","Boston Celtics",101,"Vancouver Grizzlies",77,,
"Thu, Feb 24, 2000","Box Score","Phoenix Suns",92,"Washington Wizards",83,,
"Fri, Feb 25, 2000","Box Score","San Antonio Spurs",91,"Chicago Bulls",78,,
"Fri, Feb 25, 2000","Box Score","Golden State Warriors",99,"Detroit Pistons",131,,
"Fri, Feb 25, 2000","Box Score","Boston Celtics",96,"Los Angeles Lakers",109,,
"Fri, Feb 25, 2000","Box Score","Cleveland Cavaliers",82,"Miami Heat",87,,
"Fri, Feb 25, 2000","Box Score","Philadelphia 76ers",97,"Milwaukee Bucks",83,,
"Fri, Feb 25, 2000","Box Score","Phoenix Suns",79,"New York Knicks",84,,
"Fri, Feb 25, 2000","Box Score","Atlanta Hawks",95,"Seattle SuperSonics",87,,
"Fri, Feb 25, 2000","Box Score","Minnesota Timberwolves",107,"Toronto Raptors",85,,
"Fri, Feb 25, 2000","Box Score","Orlando Magic",88,"Utah Jazz",96,,
"Sat, Feb 26, 2000","Box Score","Denver Nuggets",96,"Dallas Mavericks",98,,
"Sat, Feb 26, 2000","Box Score","Golden State Warriors",88,"Indiana Pacers",104,,
"Sat, Feb 26, 2000","Box Score","Atlanta Hawks",77,"Los Angeles Clippers",78,,
"Sat, Feb 26, 2000","Box Score","Charlotte Hornets",93,"New Jersey Nets",104,,
"Sat, Feb 26, 2000","Box Score","Sacramento Kings",90,"Vancouver Grizzlies",102,,
"Sat, Feb 26, 2000","Box Score","Miami Heat",98,"Washington Wizards",88,,
"Sun, Feb 27, 2000","Box Score","Chicago Bulls",90,"Detroit Pistons",93,,
"Sun, Feb 27, 2000","Box Score","Houston Rockets",85,"Los Angeles Lakers",101,,
"Sun, Feb 27, 2000","Box Score","Orlando Magic",95,"Milwaukee Bucks",102,,
"Sun, Feb 27, 2000","Box Score","San Antonio Spurs",98,"Minnesota Timberwolves",102,,
"Sun, Feb 27, 2000","Box Score","Philadelphia 76ers",88,"New York Knicks",89,,
"Sun, Feb 27, 2000","Box Score","Utah Jazz",92,"Portland Trail Blazers",101,,
"Sun, Feb 27, 2000","Box Score","Phoenix Suns",102,"Toronto Raptors",103,,
"Mon, Feb 28, 2000","Box Score","Dallas Mavericks",108,"Boston Celtics",100,,
"Mon, Feb 28, 2000","Box Score","Seattle SuperSonics",84,"Charlotte Hornets",81,,
"Mon, Feb 28, 2000","Box Score","Atlanta Hawks",75,"Golden State Warriors",80,,
"Mon, Feb 28, 2000","Box Score","Houston Rockets",96,"Los Angeles Clippers",77,,
"Mon, Feb 28, 2000","Box Score","New York Knicks",76,"Miami Heat",85,,
"Mon, Feb 28, 2000","Box Score","New Jersey Nets",101,"Utah Jazz",106,,
"Tue, Feb 29, 2000","Box Score","Phoenix Suns",100,"Cleveland Cavaliers",93,,
"Tue, Feb 29, 2000","Box Score","Detroit Pistons",105,"Indiana Pacers",115,,
"Tue, Feb 29, 2000","Box Score","Charlotte Hornets",92,"Minnesota Timberwolves",87,,
"Tue, Feb 29, 2000","Box Score","Seattle SuperSonics",94,"Orlando Magic",103,,
"Tue, Feb 29, 2000","Box Score","Dallas Mavericks",87,"Philadelphia 76ers",106,,
"Tue, Feb 29, 2000","Box Score","Los Angeles Lakers",90,"Portland Trail Blazers",87,,
"Tue, Feb 29, 2000","Box Score","Vancouver Grizzlies",87,"Sacramento Kings",112,,
"Tue, Feb 29, 2000","Box Score","Miami Heat",69,"San Antonio Spurs",93,,
"Tue, Feb 29, 2000","Box Score","Chicago Bulls",80,"Toronto Raptors",87,,
"Wed, Mar 1, 2000","Box Score","Washington Wizards",102,"Atlanta Hawks",83,,
"Wed, Mar 1, 2000","Box Score","Toronto Raptors",96,"Boston Celtics",94,,
"Wed, Mar 1, 2000","Box Score","New Jersey Nets",94,"Denver Nuggets",81,,
"Wed, Mar 1, 2000","Box Score","Utah Jazz",107,"Detroit Pistons",94,,
"Wed, Mar 1, 2000","Box Score","Vancouver Grizzlies",91,"Los Angeles Lakers",103,,
"Thu, Mar 2, 2000","Box Score","Cleveland Cavaliers",114,"Chicago Bulls",110,OT,
"Thu, Mar 2, 2000","Box Score","New Jersey Nets",103,"Dallas Mavericks",102,,
"Thu, Mar 2, 2000","Box Score","Sacramento Kings",99,"Houston Rockets",102,,
"Thu, Mar 2, 2000","Box Score","Seattle SuperSonics",83,"Miami Heat",101,,
"Thu, Mar 2, 2000","Box Score","Milwaukee Bucks",94,"New York Knicks",109,,
"Thu, Mar 2, 2000","Box Score","Charlotte Hornets",96,"Orlando Magic",104,,
"Thu, Mar 2, 2000","Box Score","Indiana Pacers",87,"Phoenix Suns",118,,
"Thu, Mar 2, 2000","Box Score","Minnesota Timberwolves",108,"San Antonio Spurs",102,,
"Thu, Mar 2, 2000","Box Score","Philadelphia 76ers",87,"Washington Wizards",84,,
"Fri, Mar 3, 2000","Box Score","New York Knicks",70,"Atlanta Hawks",83,,
"Fri, Mar 3, 2000","Box Score","Utah Jazz",89,"Charlotte Hornets",87,,
"Fri, Mar 3, 2000","Box Score","Golden State Warriors",88,"Denver Nuggets",122,,
"Fri, Mar 3, 2000","Box Score","Indiana Pacers",92,"Los Angeles Lakers",107,,
"Fri, Mar 3, 2000","Box Score","Vancouver Grizzlies",91,"Portland Trail Blazers",101,,
"Fri, Mar 3, 2000","Box Score","Boston Celtics",104,"Toronto Raptors",114,,
"Sat, Mar 4, 2000","Box Score","Seattle SuperSonics",93,"Atlanta Hawks",81,,
"Sat, Mar 4, 2000","Box Score","Philadelphia 76ers",95,"Chicago Bulls",84,,
"Sat, Mar 4, 2000","Box Score","New Jersey Nets",92,"Houston Rockets",99,OT,
"Sat, Mar 4, 2000","Box Score","Cleveland Cavaliers",109,"Los Angeles Clippers",99,,
"Sat, Mar 4, 2000","Box Score","Minnesota Timberwolves",91,"Milwaukee Bucks",84,,
"Sat, Mar 4, 2000","Box Score","Dallas Mavericks",96,"Phoenix Suns",110,,
"Sat, Mar 4, 2000","Box Score","Sacramento Kings",108,"San Antonio Spurs",103,OT,
"Sat, Mar 4, 2000","Box Score","Detroit Pistons",94,"Washington Wizards",100,,
"Sun, Mar 5, 2000","Box Score","Orlando Magic",91,"Boston Celtics",97,,
"Sun, Mar 5, 2000","Box Score","Chicago Bulls",94,"Charlotte Hornets",100,,
"Sun, Mar 5, 2000","Box Score","Cleveland Cavaliers",100,"Denver Nuggets",92,,
"Sun, Mar 5, 2000","Box Score","Indiana Pacers",114,"Golden State Warriors",95,,
"Sun, Mar 5, 2000","Box Score","Miami Heat",80,"Los Angeles Lakers",93,,
"Sun, Mar 5, 2000","Box Score","Seattle SuperSonics",100,"Minnesota Timberwolves",105,OT,
"Sun, Mar 5, 2000","Box Score","Utah Jazz",88,"New York Knicks",79,,
"Sun, Mar 5, 2000","Box Score","Toronto Raptors",94,"Vancouver Grizzlies",92,,
"Mon, Mar 6, 2000","Box Score","Los Angeles Lakers",123,"Los Angeles Clippers",103,,
"Mon, Mar 6, 2000","Box Score","Atlanta Hawks",78,"Milwaukee Bucks",111,,
"Mon, Mar 6, 2000","Box Score","Miami Heat",92,"Phoenix Suns",100,,
"Mon, Mar 6, 2000","Box Score","Toronto Raptors",109,"Portland Trail Blazers",90,,
"Mon, Mar 6, 2000","Box Score","Dallas Mavericks",109,"Sacramento Kings",130,,
"Mon, Mar 6, 2000","Box Score","New Jersey Nets",104,"San Antonio Spurs",106,,
"Mon, Mar 6, 2000","Box Score","Orlando Magic",87,"Washington Wizards",85,,
"Tue, Mar 7, 2000","Box Score","Atlanta Hawks",82,"Chicago Bulls",89,,
"Tue, Mar 7, 2000","Box Score","Charlotte Hornets",102,"Golden State Warriors",99,,
"Tue, Mar 7, 2000","Box Score","Phoenix Suns",108,"Houston Rockets",101,,
"Tue, Mar 7, 2000","Box Score","Denver Nuggets",89,"Indiana Pacers",90,,
"Tue, Mar 7, 2000","Box Score","Washington Wizards",90,"Minnesota Timberwolves",86,,
"Tue, Mar 7, 2000","Box Score","Vancouver Grizzlies",86,"New York Knicks",111,,
"Tue, Mar 7, 2000","Box Score","Dallas Mavericks",86,"Seattle SuperSonics",101,,
"Tue, Mar 7, 2000","Box Score","Cleveland Cavaliers",95,"Utah Jazz",113,,
"Wed, Mar 8, 2000","Box Score","Milwaukee Bucks",101,"Boston Celtics",112,,
"Wed, Mar 8, 2000","Box Score","Denver Nuggets",116,"Detroit Pistons",130,,
"Wed, Mar 8, 2000","Box Score","Toronto Raptors",95,"Los Angeles Clippers",94,,
"Wed, Mar 8, 2000","Box Score","Portland Trail Blazers",103,"New Jersey Nets",115,,
"Wed, Mar 8, 2000","Box Score","Chicago Bulls",67,"Orlando Magic",103,,
"Wed, Mar 8, 2000","Box Score","Vancouver Grizzlies",90,"Philadelphia 76ers",107,,
"Wed, Mar 8, 2000","Box Score","Charlotte Hornets",92,"Sacramento Kings",105,,
"Wed, Mar 8, 2000","Box Score","New York Knicks",113,"Washington Wizards",118,OT,
"Thu, Mar 9, 2000","Box Score","San Antonio Spurs",105,"Atlanta Hawks",79,,
"Thu, Mar 9, 2000","Box Score","Minnesota Timberwolves",100,"Dallas Mavericks",79,,
"Thu, Mar 9, 2000","Box Score","Los Angeles Lakers",109,"Golden State Warriors",92,,
"Thu, Mar 9, 2000","Box Score","Portland Trail Blazers",119,"Indiana Pacers",127,OT,
"Thu, Mar 9, 2000","Box Score","Houston Rockets",82,"Utah Jazz",101,,
"Fri, Mar 10, 2000","Box Score","Chicago Bulls",74,"Boston Celtics",104,,
"Fri, Mar 10, 2000","Box Score","Indiana Pacers",95,"Cleveland Cavaliers",92,,
"Fri, Mar 10, 2000","Box Score","Vancouver Grizzlies",97,"Detroit Pistons",111,,
"Fri, Mar 10, 2000","Box Score","Charlotte Hornets",118,"Los Angeles Clippers",101,,
"Fri, Mar 10, 2000","Box Score","Denver Nuggets",88,"Miami Heat",96,,
"Fri, Mar 10, 2000","Box Score","New Jersey Nets",108,"Milwaukee Bucks",80,,
"Fri, Mar 10, 2000","Box Score","New York Knicks",82,"Philadelphia 76ers",77,,
"Fri, Mar 10, 2000","Box Score","Utah Jazz",99,"Phoenix Suns",96,,
"Fri, Mar 10, 2000","Box Score","Toronto Raptors",88,"Sacramento Kings",103,,
"Fri, Mar 10, 2000","Box Score","Golden State Warriors",85,"Seattle SuperSonics",99,,
"Fri, Mar 10, 2000","Box Score","San Antonio Spurs",106,"Washington Wizards",99,OT,
"Sat, Mar 11, 2000","Box Score","Vancouver Grizzlies",86,"Atlanta Hawks",91,,
"Sat, Mar 11, 2000","Box Score","Phoenix Suns",99,"Dallas Mavericks",104,,
"Sat, Mar 11, 2000","Box Score","Portland Trail Blazers",99,"Detroit Pistons",94,,
"Sat, Mar 11, 2000","Box Score","Minnesota Timberwolves",100,"Houston Rockets",86,,
"Sat, Mar 11, 2000","Box Score","Denver Nuggets",107,"Orlando Magic",110,,
"Sun, Mar 12, 2000","Box Score","Philadelphia 76ers",77,"Boston Celtics",93,,
"Sun, Mar 12, 2000","Box Score","Los Angeles Clippers",112,"Golden State Warriors",103,,
"Sun, Mar 12, 2000","Box Score","Miami Heat",105,"Indiana Pacers",96,,
"Sun, Mar 12, 2000","Box Score","Sacramento Kings",106,"Los Angeles Lakers",109,,
"Sun, Mar 12, 2000","Box Score","Cleveland Cavaliers",72,"Milwaukee Bucks",103,,
"Sun, Mar 12, 2000","Box Score","Orlando Magic",91,"New Jersey Nets",129,,
"Sun, Mar 12, 2000","Box Score","San Antonio Spurs",80,"New York Knicks",93,,
"Sun, Mar 12, 2000","Box Score","Toronto Raptors",99,"Seattle SuperSonics",97,,
"Sun, Mar 12, 2000","Box Score","Portland Trail Blazers",102,"Washington Wizards",86,,
"Mon, Mar 13, 2000","Box Score","Utah Jazz",87,"Chicago Bulls",79,,
"Mon, Mar 13, 2000","Box Score","Los Angeles Lakers",118,"Denver Nuggets",108,,
"Mon, Mar 13, 2000","Box Score","Boston Celtics",115,"Detroit Pistons",124,,
"Mon, Mar 13, 2000","Box Score","Seattle SuperSonics",113,"Vancouver Grizzlies",103,,
"Tue, Mar 14, 2000","Box Score","Philadelphia 76ers",98,"Cleveland Cavaliers",97,OT,
"Tue, Mar 14, 2000","Box Score","Indiana Pacers",90,"Dallas Mavericks",111,,
"Tue, Mar 14, 2000","Box Score","Denver Nuggets",106,"Los Angeles Clippers",110,,
"Tue, Mar 14, 2000","Box Score","Milwaukee Bucks",104,"Miami Heat",108,,
"Tue, Mar 14, 2000","Box Score","Houston Rockets",85,"New York Knicks",91,,
"Tue, Mar 14, 2000","Box Score","Washington Wizards",98,"Orlando Magic",107,,
"Tue, Mar 14, 2000","Box Score","Minnesota Timberwolves",100,"Phoenix Suns",107,,
"Tue, Mar 14, 2000","Box Score","Sacramento Kings",91,"Portland Trail Blazers",96,,
"Tue, Mar 14, 2000","Box Score","Atlanta Hawks",79,"San Antonio Spurs",94,,
"Tue, Mar 14, 2000","Box Score","Golden State Warriors",78,"Toronto Raptors",85,,
"Wed, Mar 15, 2000","Box Score","Indiana Pacers",113,"Atlanta Hawks",107,,
"Wed, Mar 15, 2000","Box Score","Golden State Warriors",104,"Boston Celtics",121,,
"Wed, Mar 15, 2000","Box Score","Chicago Bulls",74,"Charlotte Hornets",77,,
"Wed, Mar 15, 2000","Box Score","Orlando Magic",91,"Detroit Pistons",113,,
"Wed, Mar 15, 2000","Box Score","Los Angeles Clippers",78,"Sacramento Kings",98,,
"Thu, Mar 16, 2000","Box Score","Utah Jazz",107,"Cleveland Cavaliers",86,,
"Thu, Mar 16, 2000","Box Score","Philadelphia 76ers",77,"Miami Heat",92,,
"Thu, Mar 16, 2000","Box Score","Houston Rockets",96,"Milwaukee Bucks",106,,
"Thu, Mar 16, 2000","Box Score","Minnesota Timberwolves",96,"Portland Trail Blazers",92,,
"Thu, Mar 16, 2000","Box Score","Dallas Mavericks",110,"San Antonio Spurs",88,,
"Thu, Mar 16, 2000","Box Score","Vancouver Grizzlies",103,"Seattle SuperSonics",117,,
"Thu, Mar 16, 2000","Box Score","Los Angeles Lakers",102,"Washington Wizards",109,,
"Fri, Mar 17, 2000","Box Score","Boston Celtics",114,"Atlanta Hawks",90,,
"Fri, Mar 17, 2000","Box Score","New York Knicks",118,"Charlotte Hornets",99,,
"Fri, Mar 17, 2000","Box Score","Golden State Warriors",95,"Chicago Bulls",92,2OT,
"Fri, Mar 17, 2000","Box Score","Los Angeles Clippers",87,"Denver Nuggets",114,,
"Fri, Mar 17, 2000","Box Score","Los Angeles Lakers",110,"Detroit Pistons",82,,
"Fri, Mar 17, 2000","Box Score","Houston Rockets",102,"Indiana Pacers",111,,
"Fri, Mar 17, 2000","Box Score","Utah Jazz",97,"Philadelphia 76ers",99,,
"Fri, Mar 17, 2000","Box Score","Orlando Magic",91,"Toronto Raptors",95,,
"Fri, Mar 17, 2000","Box Score","Phoenix Suns",101,"Vancouver Grizzlies",86,,
"Sat, Mar 18, 2000","Box Score","Miami Heat",92,"Cleveland Cavaliers",90,OT,
"Sat, Mar 18, 2000","Box Score","Boston Celtics",104,"Dallas Mavericks",99,,
"Sat, Mar 18, 2000","Box Score","Charlotte Hornets",99,"Indiana Pacers",113,,
"Sat, Mar 18, 2000","Box Score","Sacramento Kings",104,"Los Angeles Clippers",83,,
"Sat, Mar 18, 2000","Box Score","Milwaukee Bucks",90,"New Jersey Nets",92,OT,
"Sat, Mar 18, 2000","Box Score","Denver Nuggets",82,"San Antonio Spurs",102,,
"Sat, Mar 18, 2000","Box Score","Portland Trail Blazers",97,"Seattle SuperSonics",96,,
"Sat, Mar 18, 2000","Box Score","Chicago Bulls",88,"Washington Wizards",101,,
"Sun, Mar 19, 2000","Box Score","Dallas Mavericks",89,"Atlanta Hawks",85,,
"Sun, Mar 19, 2000","Box Score","Phoenix Suns",99,"Golden State Warriors",82,,
"Sun, Mar 19, 2000","Box Score","Milwaukee Bucks",82,"Minnesota Timberwolves",109,,
"Sun, Mar 19, 2000","Box Score","Utah Jazz",92,"New Jersey Nets",88,,
"Sun, Mar 19, 2000","Box Score","Los Angeles Lakers",92,"New York Knicks",85,,
"Sun, Mar 19, 2000","Box Score","Orlando Magic",85,"Philadelphia 76ers",89,,
"Sun, Mar 19, 2000","Box Score","Houston Rockets",98,"Toronto Raptors",100,,
"Sun, Mar 19, 2000","Box Score","Detroit Pistons",101,"Vancouver Grizzlies",99,,
"Mon, Mar 20, 2000","Box Score","Philadelphia 76ers",102,"Charlotte Hornets",96,,
"Mon, Mar 20, 2000","Box Score","Orlando Magic",88,"Chicago Bulls",86,OT,
"Mon, Mar 20, 2000","Box Score","Houston Rockets",85,"Cleveland Cavaliers",98,,
"Mon, Mar 20, 2000","Box Score","Washington Wizards",105,"Los Angeles Clippers",93,,
"Mon, Mar 20, 2000","Box Score","Los Angeles Lakers",100,"Miami Heat",89,,
"Mon, Mar 20, 2000","Box Score","Boston Celtics",106,"Phoenix Suns",110,,
"Tue, Mar 21, 2000","Box Score","Miami Heat",77,"Atlanta Hawks",82,,
"Tue, Mar 21, 2000","Box Score","San Antonio Spurs",96,"Dallas Mavericks",97,,
"Tue, Mar 21, 2000","Box Score","New York Knicks",91,"Indiana Pacers",95,,
"Tue, Mar 21, 2000","Box Score","Cleveland Cavaliers",107,"Minnesota Timberwolves",111,OT,
"Tue, Mar 21, 2000","Box Score","Washington Wizards",86,"Sacramento Kings",98,,
"Tue, Mar 21, 2000","Box Score","Detroit Pistons",100,"Seattle SuperSonics",90,,
"Tue, Mar 21, 2000","Box Score","New Jersey Nets",100,"Toronto Raptors",93,,
"Tue, Mar 21, 2000","Box Score","Denver Nuggets",83,"Utah Jazz",96,,
"Tue, Mar 21, 2000","Box Score","Golden State Warriors",82,"Vancouver Grizzlies",98,,
"Wed, Mar 22, 2000","Box Score","Minnesota Timberwolves",109,"Boston Celtics",106,,
"Wed, Mar 22, 2000","Box Score","New Jersey Nets",103,"Charlotte Hornets",119,,
"Wed, Mar 22, 2000","Box Score","Golden State Warriors",96,"Los Angeles Lakers",119,,
"Wed, Mar 22, 2000","Box Score","Chicago Bulls",67,"New York Knicks",78,,
"Wed, Mar 22, 2000","Box Score","Atlanta Hawks",90,"Orlando Magic",103,,
"Wed, Mar 22, 2000","Box Score","Toronto Raptors",93,"Philadelphia 76ers",106,,
"Wed, Mar 22, 2000","Box Score","Sacramento Kings",93,"Phoenix Suns",114,,
"Wed, Mar 22, 2000","Box Score","Detroit Pistons",104,"Portland Trail Blazers",95,,
"Wed, Mar 22, 2000","Box Score","Los Angeles Clippers",78,"San Antonio Spurs",103,,
"Thu, Mar 23, 2000","Box Score","Cleveland Cavaliers",104,"Dallas Mavericks",98,,
"Thu, Mar 23, 2000","Box Score","Washington Wizards",100,"Denver Nuggets",86,,
"Thu, Mar 23, 2000","Box Score","Los Angeles Clippers",95,"Houston Rockets",110,,
"Thu, Mar 23, 2000","Box Score","Milwaukee Bucks",105,"Indiana Pacers",84,,
"Fri, Mar 24, 2000","Box Score","Denver Nuggets",68,"Chicago Bulls",70,,
"Fri, Mar 24, 2000","Box Score","Portland Trail Blazers",96,"Golden State Warriors",83,,
"Fri, Mar 24, 2000","Box Score","Phoenix Suns",101,"Los Angeles Lakers",109,,
"Fri, Mar 24, 2000","Box Score","Miami Heat",99,"Milwaukee Bucks",87,,
"Fri, Mar 24, 2000","Box Score","Minnesota Timberwolves",116,"New Jersey Nets",115,OT,
"Fri, Mar 24, 2000","Box Score","Atlanta Hawks",83,"New York Knicks",95,,
"Fri, Mar 24, 2000","Box Score","Houston Rockets",96,"Orlando Magic",112,,
"Fri, Mar 24, 2000","Box Score","Boston Celtics",115,"Philadelphia 76ers",117,2OT,
"Fri, Mar 24, 2000","Box Score","Detroit Pistons",103,"Sacramento Kings",113,,
"Fri, Mar 24, 2000","Box Score","Utah Jazz",98,"Seattle SuperSonics",95,,
"Fri, Mar 24, 2000","Box Score","Charlotte Hornets",102,"Toronto Raptors",84,,
"Sat, Mar 25, 2000","Box Score","Charlotte Hornets",86,"Atlanta Hawks",70,,
"Sat, Mar 25, 2000","Box Score","Washington Wizards",93,"Dallas Mavericks",86,,
"Sat, Mar 25, 2000","Box Score","Detroit Pistons",126,"Los Angeles Clippers",107,,
"Sat, Mar 25, 2000","Box Score","Cleveland Cavaliers",76,"San Antonio Spurs",96,,
"Sat, Mar 25, 2000","Box Score","Utah Jazz",84,"Vancouver Grizzlies",75,,
"Sun, Mar 26, 2000","Box Score","Chicago Bulls",78,"Houston Rockets",123,,
"Sun, Mar 26, 2000","Box Score","Philadelphia 76ers",111,"Indiana Pacers",101,,
"Sun, Mar 26, 2000","Box Score","Boston Celtics",84,"Milwaukee Bucks",99,,
"Sun, Mar 26, 2000","Box Score","Toronto Raptors",101,"Minnesota Timberwolves",106,OT,
"Sun, Mar 26, 2000","Box Score","Denver Nuggets",112,"New Jersey Nets",110,,
"Sun, Mar 26, 2000","Box Score","Miami Heat",69,"Orlando Magic",94,,
"Sun, Mar 26, 2000","Box Score","Golden State Warriors",82,"Phoenix Suns",90,,
"Sun, Mar 26, 2000","Box Score","New York Knicks",93,"Portland Trail Blazers",89,,
"Sun, Mar 26, 2000","Box Score","Los Angeles Lakers",90,"Sacramento Kings",89,,
"Mon, Mar 27, 2000","Box Score","San Antonio Spurs",90,"Seattle SuperSonics",82,,
"Mon, Mar 27, 2000","Box Score","Dallas Mavericks",113,"Utah Jazz",105,,
"Tue, Mar 28, 2000","Box Score","Denver Nuggets",111,"Atlanta Hawks",116,,
"Tue, Mar 28, 2000","Box Score","Toronto Raptors",99,"Cleveland Cavaliers",96,,
"Tue, Mar 28, 2000","Box Score","Golden State Warriors",86,"Houston Rockets",121,,
"Tue, Mar 28, 2000","Box Score","Dallas Mavericks",112,"Los Angeles Clippers",102,,
"Tue, Mar 28, 2000","Box Score","Phoenix Suns",78,"Miami Heat",81,,
"Tue, Mar 28, 2000","Box Score","Philadelphia 76ers",102,"Minnesota Timberwolves",100,,
"Tue, Mar 28, 2000","Box Score","Indiana Pacers",106,"New Jersey Nets",111,,
"Tue, Mar 28, 2000","Box Score","Boston Celtics",87,"Orlando Magic",122,,
"Tue, Mar 28, 2000","Box Score","San Antonio Spurs",89,"Portland Trail Blazers",85,,
"Tue, Mar 28, 2000","Box Score","New York Knicks",95,"Sacramento Kings",103,,
"Wed, Mar 29, 2000","Box Score","Cleveland Cavaliers",86,"Chicago Bulls",81,,
"Wed, Mar 29, 2000","Box Score","Charlotte Hornets",98,"Detroit Pistons",91,,
"Wed, Mar 29, 2000","Box Score","New York Knicks",110,"Seattle SuperSonics",95,,
"Wed, Mar 29, 2000","Box Score","Philadelphia 76ers",84,"Utah Jazz",98,,
"Wed, Mar 29, 2000","Box Score","Los Angeles Lakers",108,"Vancouver Grizzlies",99,,
"Wed, Mar 29, 2000","Box Score","Denver Nuggets",101,"Washington Wizards",93,,
"Thu, Mar 30, 2000","Box Score","Phoenix Suns",118,"Atlanta Hawks",74,,
"Thu, Mar 30, 2000","Box Score","Milwaukee Bucks",104,"Los Angeles Clippers",85,,
"Thu, Mar 30, 2000","Box Score","Chicago Bulls",80,"Miami Heat",105,,
"Thu, Mar 30, 2000","Box Score","Houston Rockets",90,"Minnesota Timberwolves",122,,
"Thu, Mar 30, 2000","Box Score","Toronto Raptors",103,"New Jersey Nets",107,,
"Thu, Mar 30, 2000","Box Score","Dallas Mavericks",85,"Portland Trail Blazers",96,,
"Thu, Mar 30, 2000","Box Score","Golden State Warriors",90,"San Antonio Spurs",102,,
"Fri, Mar 31, 2000","Box Score","Washington Wizards",104,"Boston Celtics",102,,
"Fri, Mar 31, 2000","Box Score","Toronto Raptors",101,"Charlotte Hornets",110,OT,
"Fri, Mar 31, 2000","Box Score","Phoenix Suns",98,"Detroit Pistons",97,,
"Fri, Mar 31, 2000","Box Score","Minnesota Timberwolves",85,"Indiana Pacers",109,,
"Fri, Mar 31, 2000","Box Score","Philadelphia 76ers",88,"Los Angeles Lakers",100,,
"Fri, Mar 31, 2000","Box Score","New Jersey Nets",97,"Orlando Magic",103,,
"Fri, Mar 31, 2000","Box Score","Sacramento Kings",108,"Seattle SuperSonics",123,,
"Fri, Mar 31, 2000","Box Score","Golden State Warriors",97,"Utah Jazz",114,,
"Fri, Mar 31, 2000","Box Score","New York Knicks",89,"Vancouver Grizzlies",83,,
"Sat, Apr 1, 2000","Box Score","Charlotte Hornets",90,"Chicago Bulls",87,,
"Sat, Apr 1, 2000","Box Score","Boston Celtics",103,"Cleveland Cavaliers",109,,
"Sat, Apr 1, 2000","Box Score","Utah Jazz",92,"Denver Nuggets",112,,
"Sat, Apr 1, 2000","Box Score","Atlanta Hawks",93,"Houston Rockets",115,,
"Sat, Apr 1, 2000","Box Score","Milwaukee Bucks",79,"Portland Trail Blazers",113,,
"Sun, Apr 2, 2000","Box Score","Chicago Bulls",83,"Cleveland Cavaliers",74,,
"Sun, Apr 2, 2000","Box Score","Milwaukee Bucks",117,"Golden State Warriors",113,,
"Sun, Apr 2, 2000","Box Score","New York Knicks",82,"Los Angeles Lakers",106,,
"Sun, Apr 2, 2000","Box Score","San Antonio Spurs",84,"Miami Heat",88,,
"Sun, Apr 2, 2000","Box Score","Phoenix Suns",87,"Minnesota Timberwolves",86,,
"Sun, Apr 2, 2000","Box Score","Detroit Pistons",113,"New Jersey Nets",92,,
"Sun, Apr 2, 2000","Box Score","Seattle SuperSonics",82,"Portland Trail Blazers",95,,
"Sun, Apr 2, 2000","Box Score","Philadelphia 76ers",95,"Sacramento Kings",117,,
"Sun, Apr 2, 2000","Box Score","Indiana Pacers",104,"Toronto Raptors",83,,
"Sun, Apr 2, 2000","Box Score","Dallas Mavericks",100,"Vancouver Grizzlies",86,,
"Tue, Apr 4, 2000","Box Score","Boston Celtics",105,"Charlotte Hornets",112,,
"Tue, Apr 4, 2000","Box Score","Sacramento Kings",102,"Dallas Mavericks",105,,
"Tue, Apr 4, 2000","Box Score","Utah Jazz",103,"Los Angeles Clippers",93,,
"Tue, Apr 4, 2000","Box Score","Cleveland Cavaliers",85,"Miami Heat",111,,
"Tue, Apr 4, 2000","Box Score","Chicago Bulls",73,"Milwaukee Bucks",92,,
"Tue, Apr 4, 2000","Box Score","Atlanta Hawks",76,"Minnesota Timberwolves",86,OT,
"Tue, Apr 4, 2000","Box Score","San Antonio Spurs",97,"Orlando Magic",107,,
"Tue, Apr 4, 2000","Box Score","Los Angeles Lakers",84,"Phoenix Suns",83,,
"Tue, Apr 4, 2000","Box Score","Denver Nuggets",93,"Seattle SuperSonics",106,,
"Tue, Apr 4, 2000","Box Score","Detroit Pistons",104,"Toronto Raptors",88,,
"Tue, Apr 4, 2000","Box Score","Houston Rockets",100,"Vancouver Grizzlies",102,,
"Tue, Apr 4, 2000","Box Score","New Jersey Nets",93,"Washington Wizards",102,,
"Wed, Apr 5, 2000","Box Score","Boston Celtics",106,"Detroit Pistons",111,,
"Wed, Apr 5, 2000","Box Score","Los Angeles Lakers",111,"Golden State Warriors",104,,
"Wed, Apr 5, 2000","Box Score","New Jersey Nets",101,"Indiana Pacers",105,,
"Wed, Apr 5, 2000","Box Score","Atlanta Hawks",86,"Philadelphia 76ers",107,,
"Wed, Apr 5, 2000","Box Score","Houston Rockets",118,"Portland Trail Blazers",105,,
"Wed, Apr 5, 2000","Box Score","Sacramento Kings",108,"San Antonio Spurs",98,,
"Thu, Apr 6, 2000","Box Score","Milwaukee Bucks",88,"Chicago Bulls",90,,
"Thu, Apr 6, 2000","Box Score","Dallas Mavericks",116,"Denver Nuggets",115,OT,
"Thu, Apr 6, 2000","Box Score","Minnesota Timberwolves",112,"Los Angeles Clippers",90,,
"Thu, Apr 6, 2000","Box Score","Charlotte Hornets",70,"Miami Heat",76,,
"Thu, Apr 6, 2000","Box Score","Washington Wizards",92,"New York Knicks",101,,
"Thu, Apr 6, 2000","Box Score","Phoenix Suns",85,"Utah Jazz",105,,
"Thu, Apr 6, 2000","Box Score","Portland Trail Blazers",87,"Vancouver Grizzlies",89,,
"Fri, Apr 7, 2000","Box Score","Toronto Raptors",104,"Atlanta Hawks",84,,
"Fri, Apr 7, 2000","Box Score","Philadelphia 76ers",102,"Boston Celtics",97,,
"Fri, Apr 7, 2000","Box Score","Detroit Pistons",97,"Charlotte Hornets",82,,
"Fri, Apr 7, 2000","Box Score","Utah Jazz",105,"Golden State Warriors",84,,
"Fri, Apr 7, 2000","Box Score","Cleveland Cavaliers",94,"Indiana Pacers",95,,
"Fri, Apr 7, 2000","Box Score","Miami Heat",103,"New Jersey Nets",85,,
"Fri, Apr 7, 2000","Box Score","New York Knicks",96,"Orlando Magic",89,,
"Fri, Apr 7, 2000","Box Score","Minnesota Timberwolves",95,"Sacramento Kings",92,,
"Fri, Apr 7, 2000","Box Score","Houston Rockets",119,"Seattle SuperSonics",116,,
"Sat, Apr 8, 2000","Box Score","Toronto Raptors",98,"Chicago Bulls",79,,
"Sat, Apr 8, 2000","Box Score","Detroit Pistons",98,"Cleveland Cavaliers",117,,
"Sat, Apr 8, 2000","Box Score","Los Angeles Clippers",96,"Dallas Mavericks",98,,
"Sat, Apr 8, 2000","Box Score","Seattle SuperSonics",97,"Denver Nuggets",105,,
"Sat, Apr 8, 2000","Box Score","San Antonio Spurs",98,"Los Angeles Lakers",80,,
"Sat, Apr 8, 2000","Box Score","New Jersey Nets",101,"Milwaukee Bucks",109,,
"Sat, Apr 8, 2000","Box Score","Vancouver Grizzlies",85,"Portland Trail Blazers",98,,
"Sat, Apr 8, 2000","Box Score","Atlanta Hawks",98,"Washington Wizards",108,,
"Sun, Apr 9, 2000","Box Score","Indiana Pacers",80,"Charlotte Hornets",96,,
"Sun, Apr 9, 2000","Box Score","Denver Nuggets",103,"Golden State Warriors",117,,
"Sun, Apr 9, 2000","Box Score","Utah Jazz",90,"Houston Rockets",99,,
"Sun, Apr 9, 2000","Box Score","New York Knicks",94,"Miami Heat",95,OT,
"Sun, Apr 9, 2000","Box Score","Philadelphia 76ers",80,"Orlando Magic",92,,
"Sun, Apr 9, 2000","Box Score","Phoenix Suns",102,"Sacramento Kings",97,,
"Sun, Apr 9, 2000","Box Score","San Antonio Spurs",107,"Vancouver Grizzlies",99,,
"Mon, Apr 10, 2000","Box Score","Atlanta Hawks",94,"Boston Celtics",99,,
"Mon, Apr 10, 2000","Box Score","Seattle SuperSonics",103,"Los Angeles Lakers",106,OT,
"Mon, Apr 10, 2000","Box Score","Orlando Magic",87,"Milwaukee Bucks",104,,
"Mon, Apr 10, 2000","Box Score","Detroit Pistons",100,"Minnesota Timberwolves",102,,
"Mon, Apr 10, 2000","Box Score","Indiana Pacers",81,"New York Knicks",83,,
"Mon, Apr 10, 2000","Box Score","Miami Heat",80,"Philadelphia 76ers",96,,
"Mon, Apr 10, 2000","Box Score","Cleveland Cavaliers",103,"Toronto Raptors",112,,
"Mon, Apr 10, 2000","Box Score","Portland Trail Blazers",90,"Utah Jazz",86,,
"Mon, Apr 10, 2000","Box Score","Charlotte Hornets",107,"Washington Wizards",105,,
"Tue, Apr 11, 2000","Box Score","New Jersey Nets",93,"Chicago Bulls",100,,
"Tue, Apr 11, 2000","Box Score","Portland Trail Blazers",81,"Dallas Mavericks",92,,
"Tue, Apr 11, 2000","Box Score","Houston Rockets",103,"Denver Nuggets",93,,
"Tue, Apr 11, 2000","Box Score","Vancouver Grizzlies",97,"Golden State Warriors",109,,
"Tue, Apr 11, 2000","Box Score","Phoenix Suns",95,"Los Angeles Clippers",88,,
"Tue, Apr 11, 2000","Box Score","San Antonio Spurs",98,"Sacramento Kings",92,OT,
"Wed, Apr 12, 2000","Box Score","Orlando Magic",91,"Boston Celtics",95,,
"Wed, Apr 12, 2000","Box Score","Atlanta Hawks",87,"Charlotte Hornets",119,,
"Wed, Apr 12, 2000","Box Score","Milwaukee Bucks",101,"Cleveland Cavaliers",100,,
"Wed, Apr 12, 2000","Box Score","Miami Heat",73,"Detroit Pistons",90,,
"Wed, Apr 12, 2000","Box Score","Toronto Raptors",73,"Indiana Pacers",77,,
"Wed, Apr 12, 2000","Box Score","New Jersey Nets",89,"New York Knicks",91,OT,
"Wed, Apr 12, 2000","Box Score","Washington Wizards",84,"Philadelphia 76ers",93,,
"Wed, Apr 12, 2000","Box Score","Vancouver Grizzlies",116,"Phoenix Suns",122,OT,
"Wed, Apr 12, 2000","Box Score","Minnesota Timberwolves",83,"Seattle SuperSonics",110,,
"Wed, Apr 12, 2000","Box Score","Los Angeles Clippers",93,"Utah Jazz",102,,
"Thu, Apr 13, 2000","Box Score","Washington Wizards",109,"Chicago Bulls",103,,
"Thu, Apr 13, 2000","Box Score","Dallas Mavericks",102,"Houston Rockets",111,,
"Thu, Apr 13, 2000","Box Score","Golden State Warriors",107,"Sacramento Kings",130,,
"Thu, Apr 13, 2000","Box Score","Portland Trail Blazers",93,"San Antonio Spurs",77,,
"Fri, Apr 14, 2000","Box Score","Philadelphia 76ers",104,"Atlanta Hawks",92,,
"Fri, Apr 14, 2000","Box Score","Chicago Bulls",91,"Boston Celtics",106,,
"Fri, Apr 14, 2000","Box Score","Seattle SuperSonics",103,"Dallas Mavericks",117,,
"Fri, Apr 14, 2000","Box Score","Golden State Warriors",97,"Denver Nuggets",105,,
"Fri, Apr 14, 2000","Box Score","Sacramento Kings",114,"Los Angeles Lakers",121,,
"Fri, Apr 14, 2000","Box Score","Indiana Pacers",105,"Miami Heat",101,,
"Fri, Apr 14, 2000","Box Score","Charlotte Hornets",109,"Milwaukee Bucks",106,OT,
"Fri, Apr 14, 2000","Box Score","Orlando Magic",96,"New Jersey Nets",88,,
"Fri, Apr 14, 2000","Box Score","Los Angeles Clippers",88,"Phoenix Suns",112,,
"Fri, Apr 14, 2000","Box Score","New York Knicks",71,"Toronto Raptors",86,,
"Fri, Apr 14, 2000","Box Score","Minnesota Timberwolves",104,"Vancouver Grizzlies",94,2OT,
"Sat, Apr 15, 2000","Box Score","New York Knicks",96,"Cleveland Cavaliers",106,,
"Sat, Apr 15, 2000","Box Score","Denver Nuggets",115,"Los Angeles Clippers",114,OT,
"Sat, Apr 15, 2000","Box Score","Detroit Pistons",94,"Philadelphia 76ers",100,,
"Sat, Apr 15, 2000","Box Score","Utah Jazz",83,"San Antonio Spurs",106,,
"Sat, Apr 15, 2000","Box Score","Milwaukee Bucks",120,"Washington Wizards",116,OT,
"Sun, Apr 16, 2000","Box Score","Cleveland Cavaliers",101,"Atlanta Hawks",104,,
"Sun, Apr 16, 2000","Box Score","Charlotte Hornets",105,"Boston Celtics",102,,
"Sun, Apr 16, 2000","Box Score","Vancouver Grizzlies",106,"Dallas Mavericks",114,,
"Sun, Apr 16, 2000","Box Score","Indiana Pacers",112,"Detroit Pistons",101,,
"Sun, Apr 16, 2000","Box Score","Seattle SuperSonics",121,"Houston Rockets",112,,
"Sun, Apr 16, 2000","Box Score","Minnesota Timberwolves",95,"Los Angeles Lakers",101,,
"Sun, Apr 16, 2000","Box Score","Orlando Magic",84,"Miami Heat",95,,
"Sun, Apr 16, 2000","Box Score","Utah Jazz",96,"Phoenix Suns",82,,
"Sun, Apr 16, 2000","Box Score","Sacramento Kings",95,"Portland Trail Blazers",102,,
"Sun, Apr 16, 2000","Box Score","Chicago Bulls",84,"Toronto Raptors",85,,
"Mon, Apr 17, 2000","Box Score","Minnesota Timberwolves",101,"Golden State Warriors",96,,
"Mon, Apr 17, 2000","Box Score","Milwaukee Bucks",85,"Orlando Magic",83,,
"Mon, Apr 17, 2000","Box Score","Indiana Pacers",92,"Philadelphia 76ers",90,,
"Mon, Apr 17, 2000","Box Score","Vancouver Grizzlies",93,"San Antonio Spurs",100,,
"Tue, Apr 18, 2000","Box Score","New Jersey Nets",109,"Atlanta Hawks",111,2OT,
"Tue, Apr 18, 2000","Box Score","Philadelphia 76ers",93,"Chicago Bulls",89,,
"Tue, Apr 18, 2000","Box Score","Charlotte Hornets",103,"Cleveland Cavaliers",88,,
"Tue, Apr 18, 2000","Box Score","Los Angeles Lakers",102,"Dallas Mavericks",112,,
"Tue, Apr 18, 2000","Box Score","Utah Jazz",104,"Denver Nuggets",105,OT,
"Tue, Apr 18, 2000","Box Score","Portland Trail Blazers",116,"Los Angeles Clippers",100,,
"Tue, Apr 18, 2000","Box Score","Toronto Raptors",73,"Miami Heat",97,,
"Tue, Apr 18, 2000","Box Score","Detroit Pistons",88,"New York Knicks",100,,
"Tue, Apr 18, 2000","Box Score","Houston Rockets",107,"Phoenix Suns",98,,
"Tue, Apr 18, 2000","Box Score","Seattle SuperSonics",119,"Sacramento Kings",112,OT,
"Tue, Apr 18, 2000","Box Score","Boston Celtics",114,"Washington Wizards",81,,
"Wed, Apr 19, 2000","Box Score","New York Knicks",85,"Boston Celtics",112,,
"Wed, Apr 19, 2000","Box Score","Miami Heat",73,"Charlotte Hornets",83,,
"Wed, Apr 19, 2000","Box Score","Chicago Bulls",91,"Detroit Pistons",112,,
"Wed, Apr 19, 2000","Box Score","Phoenix Suns",99,"Golden State Warriors",88,,
"Wed, Apr 19, 2000","Box Score","Vancouver Grizzlies",96,"Houston Rockets",92,,
"Wed, Apr 19, 2000","Box Score","Atlanta Hawks",92,"Indiana Pacers",111,,
"Wed, Apr 19, 2000","Box Score","Washington Wizards",105,"Milwaukee Bucks",110,,
"Wed, Apr 19, 2000","Box Score","Dallas Mavericks",113,"Minnesota Timberwolves",107,,
"Wed, Apr 19, 2000","Box Score","Cleveland Cavaliers",111,"New Jersey Nets",108,,
"Wed, Apr 19, 2000","Box Score","Toronto Raptors",100,"Orlando Magic",106,,
"Wed, Apr 19, 2000","Box Score","Denver Nuggets",96,"Portland Trail Blazers",95,,
"Wed, Apr 19, 2000","Box Score","Los Angeles Lakers",98,"San Antonio Spurs",103,OT,
"Wed, Apr 19, 2000","Box Score","Los Angeles Clippers",114,"Seattle SuperSonics",106,,
"Wed, Apr 19, 2000","Box Score","Sacramento Kings",86,"Utah Jazz",95,,
